2026-08-24 18:18:57,946 INFO    [main] Credentials: {'databento': False, 'rithmic': False, 'gemini': False, 'mt5': False}
2026-08-24 18:18:59,087 INFO    [step5_monitoring] STEP 5: starting monitoring loop (every 60s). Ctrl-C to stop.
2026-08-24 18:18:59,087 INFO    [step5_monitoring] STEP 5: --- loop iteration 1 ---
2026-08-24 18:18:59,134 INFO    [main] ======================================================================
2026-08-24 18:18:59,134 INFO    [main] GOLD TRADING SYSTEM — pipeline start (trade=XAUUSD, timeframe=M1, source=mt5)
2026-08-24 18:18:59,210 INFO    [data_providers] MT5 provider connected (symbol=XAUUSD, demo/live via terminal)
2026-08-24 18:18:59,211 WARNING [data_providers] MT5: no tick for XAUUSD (is the symbol in Market Watch?)
2026-08-24 18:19:00,227 INFO    [data_providers] MT5 provider: 0 ticks, 0 book updates for XAUUSD (spread 0.000%, H1/M15/M5 bars 0/0/0)
2026-08-24 18:19:00,227 INFO    [step1_data_acquisition] STEP 1: acquired mt5 data for XAUUSD (0 ticks)
2026-08-24 18:19:00,229 INFO    [main] STEP 1  DATA ACQUISITION -> OK (mt5, data=XAUUSD -> trade=XAUUSD, has_data=False)
2026-08-24 18:19:04,519 INFO    [news] news: 20 fresh headlines fetched.
2026-08-24 18:19:06,117 INFO    [macro] macro: DXY 98.98, 10Y 4.680%, VIX 15.65 (124 aligned points).
2026-08-24 18:19:09,713 INFO    [step2_market_analysis] analyze_market() -> NEUTRAL (strength=0.7, confidence=44.06, news=QUIET)
2026-08-24 18:19:09,745 INFO    [main] STEP 2: snapshot saved -> A:\gitHub\Gold-MT5\gold_trading_system_mt5\data\market_snapshot.json
2026-08-24 18:19:09,745 INFO    [main] STEP 2  MARKET ANALYSIS -> OK -> NEUTRAL (strength 0.7, confidence 44.1)
2026-08-24 18:19:09,778 INFO    [main] STEP 3  AI DECISION -> HOLD (signal 0.7 < 10, AI skipped)
2026-08-24 18:19:09,778 INFO    [main] SAFETY: FEED -> STALE/EMPTY — age 0s — no trading
2026-08-24 18:19:09,804 INFO    [step4_mt5_execution] STEP 4: SKIPPED — confidence 0.0% < 70% (decision: HOLD).
2026-08-24 18:19:09,804 INFO    [main] STEP 4  EXECUTION -> SKIPPED — confidence 0.0% below threshold 70%
2026-08-24 18:19:09,812 INFO    [step5_monitoring] STEP 5: no open trades.
2026-08-24 18:19:09,812 INFO    [main] STEP 5  MONITORING -> OK
2026-08-24 18:19:09,824 INFO    [main] Trade outcome logged -> A:\gitHub\Gold-MT5\gold_trading_system_mt5\data\trade_outcomes.csv
2026-08-24 18:19:09,824 INFO    [main] Trade outcome logged -> A:\gitHub\Gold-MT5\gold_trading_system_mt5\data\trade_outcomes.csv
2026-08-24 18:19:09,824 INFO    [main] Trade outcome logged -> A:\gitHub\Gold-MT5\gold_trading_system_mt5\data\trade_outcomes.csv
2026-08-24 18:19:09,824 INFO    [main] Trade outcome logged -> A:\gitHub\Gold-MT5\gold_trading_system_mt5\data\trade_outcomes.csv
2026-08-24 18:19:09,829 INFO    [main] Trade outcome logged -> A:\gitHub\Gold-MT5\gold_trading_system_mt5\data\trade_outcomes.csv
2026-08-24 18:19:09,829 INFO    [main] Trade outcome logged -> A:\gitHub\Gold-MT5\gold_trading_system_mt5\data\trade_outcomes.csv
2026-08-24 18:19:09,829 INFO    [main] Trade outcome logged -> A:\gitHub\Gold-MT5\gold_trading_system_mt5\data\trade_outcomes.csv
2026-08-24 18:19:09,829 INFO    [main] Trade outcome logged -> A:\gitHub\Gold-MT5\gold_trading_system_mt5\data\trade_outcomes.csv
2026-08-24 18:19:09,845 INFO    [mt5_signal_bridge] MT5 signal written -> A:\gitHub\Gold-MT5\gold_trading_system_mt5\data\mt5_signal.txt (direction=NEUTRAL, conf=0.0)
2026-08-24 18:19:09,845 INFO    [main] MT5 SIGNAL BRIDGE -> OK -> mt5_signal.txt
2026-08-24 18:19:09,845 INFO    [main] Decision logged -> A:\gitHub\Gold-MT5\gold_trading_system_mt5\data\decisions_log.csv
2026-08-24 18:20:09,858 INFO    [step5_monitoring] STEP 5: --- loop iteration 2 ---
2026-08-24 18:20:09,880 INFO    [main] ======================================================================
2026-08-24 18:20:09,883 INFO    [main] GOLD TRADING SYSTEM — pipeline start (trade=XAUUSD, timeframe=M1, source=mt5)
2026-08-24 18:20:09,890 INFO    [data_providers] MT5 provider connected (symbol=XAUUSD, demo/live via terminal)
2026-08-24 18:20:09,890 WARNING [data_providers] MT5: no tick for XAUUSD (is the symbol in Market Watch?)
2026-08-24 18:20:10,901 INFO    [data_providers] MT5 provider: 0 ticks, 0 book updates for XAUUSD (spread 0.000%, H1/M15/M5 bars 0/0/0)
2026-08-24 18:20:10,901 INFO    [step1_data_acquisition] STEP 1: acquired mt5 data for XAUUSD (0 ticks)
2026-08-24 18:20:10,901 INFO    [main] STEP 1  DATA ACQUISITION -> OK (mt5, data=XAUUSD -> trade=XAUUSD, has_data=False)
2026-08-24 18:20:10,915 INFO    [step2_market_analysis] analyze_market() -> NEUTRAL (strength=0.7, confidence=44.06, news=QUIET)
2026-08-24 18:20:10,917 INFO    [main] STEP 2: snapshot saved -> A:\gitHub\Gold-MT5\gold_trading_system_mt5\data\market_snapshot.json
2026-08-24 18:20:10,917 INFO    [main] STEP 2  MARKET ANALYSIS -> OK -> NEUTRAL (strength 0.7, confidence 44.1)
2026-08-24 18:20:10,917 INFO    [main] STEP 3  AI DECISION -> HOLD (signal 0.7 < 10, AI skipped)
2026-08-24 18:20:10,917 INFO    [main] SAFETY: FEED -> STALE/EMPTY — age 0s — no trading
2026-08-24 18:20:10,917 INFO    [step4_mt5_execution] STEP 4: SKIPPED — confidence 0.0% < 70% (decision: HOLD).
2026-08-24 18:20:10,917 INFO    [main] STEP 4  EXECUTION -> SKIPPED — confidence 0.0% below threshold 70%
2026-08-24 18:20:10,927 INFO    [step5_monitoring] STEP 5: no open trades.
2026-08-24 18:20:10,927 INFO    [main] STEP 5  MONITORING -> OK
2026-08-24 18:20:10,927 INFO    [main] Trade outcome logged -> A:\gitHub\Gold-MT5\gold_trading_system_mt5\data\trade_outcomes.csv
2026-08-24 18:20:10,943 INFO    [main] Trade outcome logged -> A:\gitHub\Gold-MT5\gold_trading_system_mt5\data\trade_outcomes.csv
2026-08-24 18:20:10,943 INFO    [main] Trade outcome logged -> A:\gitHub\Gold-MT5\gold_trading_system_mt5\data\trade_outcomes.csv
2026-08-24 18:20:10,943 INFO    [main] Trade outcome logged -> A:\gitHub\Gold-MT5\gold_trading_system_mt5\data\trade_outcomes.csv
2026-08-24 18:20:10,943 INFO    [main] Trade outcome logged -> A:\gitHub\Gold-MT5\gold_trading_system_mt5\data\trade_outcomes.csv
2026-08-24 18:20:10,943 INFO    [main] Trade outcome logged -> A:\gitHub\Gold-MT5\gold_trading_system_mt5\data\trade_outcomes.csv
2026-08-24 18:20:10,943 INFO    [main] Trade outcome logged -> A:\gitHub\Gold-MT5\gold_trading_system_mt5\data\trade_outcomes.csv
2026-08-24 18:20:10,943 INFO    [main] Trade outcome logged -> A:\gitHub\Gold-MT5\gold_trading_system_mt5\data\trade_outcomes.csv
2026-08-24 18:20:10,943 INFO    [mt5_signal_bridge] MT5 signal written -> A:\gitHub\Gold-MT5\gold_trading_system_mt5\data\mt5_signal.txt (direction=NEUTRAL, conf=0.0)
2026-08-24 18:20:10,943 INFO    [main] MT5 SIGNAL BRIDGE -> OK -> mt5_signal.txt
2026-08-24 18:20:10,943 INFO    [main] Decision logged -> A:\gitHub\Gold-MT5\gold_trading_system_mt5\data\decisions_log.csv
2026-08-24 18:21:10,964 INFO    [step5_monitoring] STEP 5: --- loop iteration 3 ---
2026-08-24 18:21:10,964 INFO    [main] ======================================================================
2026-08-24 18:21:10,970 INFO    [main] GOLD TRADING SYSTEM — pipeline start (trade=XAUUSD, timeframe=M1, source=mt5)
2026-08-24 18:21:10,988 INFO    [data_providers] MT5 provider connected (symbol=XAUUSD, demo/live via terminal)
2026-08-24 18:21:10,988 WARNING [data_providers] MT5: no tick for XAUUSD (is the symbol in Market Watch?)
2026-08-24 18:21:11,994 INFO    [data_providers] MT5 provider: 0 ticks, 0 book updates for XAUUSD (spread 0.000%, H1/M15/M5 bars 0/0/0)
2026-08-24 18:21:11,994 INFO    [step1_data_acquisition] STEP 1: acquired mt5 data for XAUUSD (0 ticks)
2026-08-24 18:21:11,994 INFO    [main] STEP 1  DATA ACQUISITION -> OK (mt5, data=XAUUSD -> trade=XAUUSD, has_data=False)
2026-08-24 18:21:12,006 INFO    [step2_market_analysis] analyze_market() -> NEUTRAL (strength=0.7, confidence=44.06, news=QUIET)
2026-08-24 18:21:12,006 INFO    [main] STEP 2: snapshot saved -> A:\gitHub\Gold-MT5\gold_trading_system_mt5\data\market_snapshot.json
2026-08-24 18:21:12,006 INFO    [main] STEP 2  MARKET ANALYSIS -> OK -> NEUTRAL (strength 0.7, confidence 44.1)
2026-08-24 18:21:12,006 INFO    [main] STEP 3  AI DECISION -> HOLD (signal 0.7 < 10, AI skipped)
2026-08-24 18:21:12,006 INFO    [main] SAFETY: FEED -> STALE/EMPTY — age 0s — no trading
2026-08-24 18:21:12,006 INFO    [step4_mt5_execution] STEP 4: SKIPPED — confidence 0.0% < 70% (decision: HOLD).
2026-08-24 18:21:12,006 INFO    [main] STEP 4  EXECUTION -> SKIPPED — confidence 0.0% below threshold 70%
2026-08-24 18:21:12,022 INFO    [step5_monitoring] STEP 5: no open trades.
2026-08-24 18:21:12,022 INFO    [main] STEP 5  MONITORING -> OK
2026-08-24 18:21:12,038 INFO    [main] Trade outcome logged -> A:\gitHub\Gold-MT5\gold_trading_system_mt5\data\trade_outcomes.csv
2026-08-24 18:21:12,038 INFO    [main] Trade outcome logged -> A:\gitHub\Gold-MT5\gold_trading_system_mt5\data\trade_outcomes.csv
2026-08-24 18:21:12,038 INFO    [main] Trade outcome logged -> A:\gitHub\Gold-MT5\gold_trading_system_mt5\data\trade_outcomes.csv
2026-08-24 18:21:12,038 INFO    [main] Trade outcome logged -> A:\gitHub\Gold-MT5\gold_trading_system_mt5\data\trade_outcomes.csv
2026-08-24 18:21:12,038 INFO    [main] Trade outcome logged -> A:\gitHub\Gold-MT5\gold_trading_system_mt5\data\trade_outcomes.csv
2026-08-24 18:21:12,038 INFO    [main] Trade outcome logged -> A:\gitHub\Gold-MT5\gold_trading_system_mt5\data\trade_outcomes.csv
2026-08-24 18:21:12,038 INFO    [main] Trade outcome logged -> A:\gitHub\Gold-MT5\gold_trading_system_mt5\data\trade_outcomes.csv
2026-08-24 18:21:12,038 INFO    [main] Trade outcome logged -> A:\gitHub\Gold-MT5\gold_trading_system_mt5\data\trade_outcomes.csv
2026-08-24 18:21:12,038 INFO    [mt5_signal_bridge] MT5 signal written -> A:\gitHub\Gold-MT5\gold_trading_system_mt5\data\mt5_signal.txt (direction=NEUTRAL, conf=0.0)
2026-08-24 18:21:12,038 INFO    [main] MT5 SIGNAL BRIDGE -> OK -> mt5_signal.txt
2026-08-24 18:21:12,038 INFO    [main] Decision logged -> A:\gitHub\Gold-MT5\gold_trading_system_mt5\data\decisions_log.csv
2026-08-24 18:22:12,054 INFO    [step5_monitoring] STEP 5: --- loop iteration 4 ---
2026-08-24 18:22:12,054 INFO    [main] ======================================================================
2026-08-24 18:22:12,059 INFO    [main] GOLD TRADING SYSTEM — pipeline start (trade=XAUUSD, timeframe=M1, source=mt5)
2026-08-24 18:22:12,078 INFO    [data_providers] MT5 provider connected (symbol=XAUUSD, demo/live via terminal)
2026-08-24 18:22:12,078 WARNING [data_providers] MT5: no tick for XAUUSD (is the symbol in Market Watch?)
2026-08-24 18:22:13,085 INFO    [data_providers] MT5 provider: 0 ticks, 0 book updates for XAUUSD (spread 0.000%, H1/M15/M5 bars 0/0/0)
2026-08-24 18:22:13,085 INFO    [step1_data_acquisition] STEP 1: acquired mt5 data for XAUUSD (0 ticks)
2026-08-24 18:22:13,085 INFO    [main] STEP 1  DATA ACQUISITION -> OK (mt5, data=XAUUSD -> trade=XAUUSD, has_data=False)
2026-08-24 18:22:13,098 INFO    [step2_market_analysis] analyze_market() -> NEUTRAL (strength=0.7, confidence=44.06, news=QUIET)
2026-08-24 18:22:13,098 INFO    [main] STEP 2: snapshot saved -> A:\gitHub\Gold-MT5\gold_trading_system_mt5\data\market_snapshot.json
2026-08-24 18:22:13,098 INFO    [main] STEP 2  MARKET ANALYSIS -> OK -> NEUTRAL (strength 0.7, confidence 44.1)
2026-08-24 18:22:13,098 INFO    [main] STEP 3  AI DECISION -> HOLD (signal 0.7 < 10, AI skipped)
2026-08-24 18:22:13,098 INFO    [main] SAFETY: FEED -> STALE/EMPTY — age 0s — no trading
2026-08-24 18:22:13,098 INFO    [step4_mt5_execution] STEP 4: SKIPPED — confidence 0.0% < 70% (decision: HOLD).
2026-08-24 18:22:13,098 INFO    [main] STEP 4  EXECUTION -> SKIPPED — confidence 0.0% below threshold 70%
2026-08-24 18:22:13,115 INFO    [step5_monitoring] STEP 5: no open trades.
2026-08-24 18:22:13,115 INFO    [main] STEP 5  MONITORING -> OK
2026-08-24 18:22:13,131 INFO    [main] Trade outcome logged -> A:\gitHub\Gold-MT5\gold_trading_system_mt5\data\trade_outcomes.csv
2026-08-24 18:22:13,131 INFO    [main] Trade outcome logged -> A:\gitHub\Gold-MT5\gold_trading_system_mt5\data\trade_outcomes.csv
2026-08-24 18:22:13,131 INFO    [main] Trade outcome logged -> A:\gitHub\Gold-MT5\gold_trading_system_mt5\data\trade_outcomes.csv
2026-08-24 18:22:13,131 INFO    [main] Trade outcome logged -> A:\gitHub\Gold-MT5\gold_trading_system_mt5\data\trade_outcomes.csv
2026-08-24 18:22:13,137 INFO    [main] Trade outcome logged -> A:\gitHub\Gold-MT5\gold_trading_system_mt5\data\trade_outcomes.csv
2026-08-24 18:22:13,137 INFO    [main] Trade outcome logged -> A:\gitHub\Gold-MT5\gold_trading_system_mt5\data\trade_outcomes.csv
2026-08-24 18:22:13,137 INFO    [main] Trade outcome logged -> A:\gitHub\Gold-MT5\gold_trading_system_mt5\data\trade_outcomes.csv
2026-08-24 18:22:13,139 INFO    [main] Trade outcome logged -> A:\gitHub\Gold-MT5\gold_trading_system_mt5\data\trade_outcomes.csv
2026-08-24 18:22:13,139 INFO    [mt5_signal_bridge] MT5 signal written -> A:\gitHub\Gold-MT5\gold_trading_system_mt5\data\mt5_signal.txt (direction=NEUTRAL, conf=0.0)
2026-08-24 18:22:13,139 INFO    [main] MT5 SIGNAL BRIDGE -> OK -> mt5_signal.txt
2026-08-24 18:22:13,139 INFO    [main] Decision logged -> A:\gitHub\Gold-MT5\gold_trading_system_mt5\data\decisions_log.csv
2026-08-24 18:23:13,148 INFO    [step5_monitoring] STEP 5: --- loop iteration 5 ---
2026-08-24 18:23:13,150 INFO    [main] ======================================================================
2026-08-24 18:23:13,150 INFO    [main] GOLD TRADING SYSTEM — pipeline start (trade=XAUUSD, timeframe=M1, source=mt5)
2026-08-24 18:23:13,181 INFO    [data_providers] MT5 provider connected (symbol=XAUUSD, demo/live via terminal)
2026-08-24 18:23:13,182 WARNING [data_providers] MT5: no tick for XAUUSD (is the symbol in Market Watch?)
2026-08-24 18:23:14,184 INFO    [data_providers] MT5 provider: 0 ticks, 0 book updates for XAUUSD (spread 0.000%, H1/M15/M5 bars 0/0/0)
2026-08-24 18:23:14,184 INFO    [step1_data_acquisition] STEP 1: acquired mt5 data for XAUUSD (0 ticks)
2026-08-24 18:23:14,185 INFO    [main] STEP 1  DATA ACQUISITION -> OK (mt5, data=XAUUSD -> trade=XAUUSD, has_data=False)
2026-08-24 18:23:14,199 INFO    [step2_market_analysis] analyze_market() -> NEUTRAL (strength=0.7, confidence=44.06, news=QUIET)
2026-08-24 18:23:14,201 INFO    [main] STEP 2: snapshot saved -> A:\gitHub\Gold-MT5\gold_trading_system_mt5\data\market_snapshot.json
2026-08-24 18:23:14,201 INFO    [main] STEP 2  MARKET ANALYSIS -> OK -> NEUTRAL (strength 0.7, confidence 44.1)
2026-08-24 18:23:14,201 INFO    [main] STEP 3  AI DECISION -> HOLD (signal 0.7 < 10, AI skipped)
2026-08-24 18:23:14,201 INFO    [main] SAFETY: FEED -> STALE/EMPTY — age 0s — no trading
2026-08-24 18:23:14,201 INFO    [step4_mt5_execution] STEP 4: SKIPPED — confidence 0.0% < 70% (decision: HOLD).
2026-08-24 18:23:14,201 INFO    [main] STEP 4  EXECUTION -> SKIPPED — confidence 0.0% below threshold 70%
2026-08-24 18:23:14,217 INFO    [step5_monitoring] STEP 5: no open trades.
2026-08-24 18:23:14,217 INFO    [main] STEP 5  MONITORING -> OK
2026-08-24 18:23:14,238 INFO    [main] Trade outcome logged -> A:\gitHub\Gold-MT5\gold_trading_system_mt5\data\trade_outcomes.csv
2026-08-24 18:23:14,238 INFO    [main] Trade outcome logged -> A:\gitHub\Gold-MT5\gold_trading_system_mt5\data\trade_outcomes.csv
2026-08-24 18:23:14,238 INFO    [main] Trade outcome logged -> A:\gitHub\Gold-MT5\gold_trading_system_mt5\data\trade_outcomes.csv
2026-08-24 18:23:14,238 INFO    [main] Trade outcome logged -> A:\gitHub\Gold-MT5\gold_trading_system_mt5\data\trade_outcomes.csv
2026-08-24 18:23:14,238 INFO    [main] Trade outcome logged -> A:\gitHub\Gold-MT5\gold_trading_system_mt5\data\trade_outcomes.csv
2026-08-24 18:23:14,238 INFO    [main] Trade outcome logged -> A:\gitHub\Gold-MT5\gold_trading_system_mt5\data\trade_outcomes.csv
2026-08-24 18:23:14,247 INFO    [main] Trade outcome logged -> A:\gitHub\Gold-MT5\gold_trading_system_mt5\data\trade_outcomes.csv
2026-08-24 18:23:14,247 INFO    [main] Trade outcome logged -> A:\gitHub\Gold-MT5\gold_trading_system_mt5\data\trade_outcomes.csv
2026-08-24 18:23:14,250 INFO    [mt5_signal_bridge] MT5 signal written -> A:\gitHub\Gold-MT5\gold_trading_system_mt5\data\mt5_signal.txt (direction=NEUTRAL, conf=0.0)
2026-08-24 18:23:14,250 INFO    [main] MT5 SIGNAL BRIDGE -> OK -> mt5_signal.txt
2026-08-24 18:23:14,252 INFO    [main] Decision logged -> A:\gitHub\Gold-MT5\gold_trading_system_mt5\data\decisions_log.csv
2026-08-24 18:24:14,259 INFO    [step5_monitoring] STEP 5: --- loop iteration 6 ---
2026-08-24 18:24:14,259 INFO    [main] ======================================================================
2026-08-24 18:24:14,259 INFO    [main] GOLD TRADING SYSTEM — pipeline start (trade=XAUUSD, timeframe=M1, source=mt5)
2026-08-24 18:24:14,269 INFO    [data_providers] MT5 provider connected (symbol=XAUUSD, demo/live via terminal)
2026-08-24 18:24:14,269 WARNING [data_providers] MT5: no tick for XAUUSD (is the symbol in Market Watch?)
2026-08-24 18:24:15,275 INFO    [data_providers] MT5 provider: 0 ticks, 0 book updates for XAUUSD (spread 0.000%, H1/M15/M5 bars 0/0/0)
2026-08-24 18:24:15,275 INFO    [step1_data_acquisition] STEP 1: acquired mt5 data for XAUUSD (0 ticks)
2026-08-24 18:24:15,275 INFO    [main] STEP 1  DATA ACQUISITION -> OK (mt5, data=XAUUSD -> trade=XAUUSD, has_data=False)
2026-08-24 18:24:15,290 INFO    [step2_market_analysis] analyze_market() -> NEUTRAL (strength=0.7, confidence=44.06, news=QUIET)
2026-08-24 18:24:15,294 INFO    [main] STEP 2: snapshot saved -> A:\gitHub\Gold-MT5\gold_trading_system_mt5\data\market_snapshot.json
2026-08-24 18:24:15,294 INFO    [main] STEP 2  MARKET ANALYSIS -> OK -> NEUTRAL (strength 0.7, confidence 44.1)
2026-08-24 18:24:15,294 INFO    [main] STEP 3  AI DECISION -> HOLD (signal 0.7 < 10, AI skipped)
2026-08-24 18:24:15,294 INFO    [main] SAFETY: FEED -> STALE/EMPTY — age 0s — no trading
2026-08-24 18:24:15,294 INFO    [step4_mt5_execution] STEP 4: SKIPPED — confidence 0.0% < 70% (decision: HOLD).
2026-08-24 18:24:15,294 INFO    [main] STEP 4  EXECUTION -> SKIPPED — confidence 0.0% below threshold 70%
2026-08-24 18:24:15,311 INFO    [step5_monitoring] STEP 5: no open trades.
2026-08-24 18:24:15,311 INFO    [main] STEP 5  MONITORING -> OK
2026-08-24 18:24:15,326 INFO    [main] Trade outcome logged -> A:\gitHub\Gold-MT5\gold_trading_system_mt5\data\trade_outcomes.csv
2026-08-24 18:24:15,326 INFO    [main] Trade outcome logged -> A:\gitHub\Gold-MT5\gold_trading_system_mt5\data\trade_outcomes.csv
2026-08-24 18:24:15,326 INFO    [main] Trade outcome logged -> A:\gitHub\Gold-MT5\gold_trading_system_mt5\data\trade_outcomes.csv
2026-08-24 18:24:15,326 INFO    [main] Trade outcome logged -> A:\gitHub\Gold-MT5\gold_trading_system_mt5\data\trade_outcomes.csv
2026-08-24 18:24:15,326 INFO    [main] Trade outcome logged -> A:\gitHub\Gold-MT5\gold_trading_system_mt5\data\trade_outcomes.csv
2026-08-24 18:24:15,336 INFO    [main] Trade outcome logged -> A:\gitHub\Gold-MT5\gold_trading_system_mt5\data\trade_outcomes.csv
2026-08-24 18:24:15,336 INFO    [main] Trade outcome logged -> A:\gitHub\Gold-MT5\gold_trading_system_mt5\data\trade_outcomes.csv
2026-08-24 18:24:15,336 INFO    [main] Trade outcome logged -> A:\gitHub\Gold-MT5\gold_trading_system_mt5\data\trade_outcomes.csv
2026-08-24 18:24:15,336 INFO    [mt5_signal_bridge] MT5 signal written -> A:\gitHub\Gold-MT5\gold_trading_system_mt5\data\mt5_signal.txt (direction=NEUTRAL, conf=0.0)
2026-08-24 18:24:15,336 INFO    [main] MT5 SIGNAL BRIDGE -> OK -> mt5_signal.txt
2026-08-24 18:24:15,336 INFO    [main] Decision logged -> A:\gitHub\Gold-MT5\gold_trading_system_mt5\data\decisions_log.csv
2026-08-24 18:25:15,346 INFO    [step5_monitoring] STEP 5: --- loop iteration 7 ---
2026-08-24 18:25:15,346 INFO    [main] ======================================================================
2026-08-24 18:25:15,346 INFO    [main] GOLD TRADING SYSTEM — pipeline start (trade=XAUUSD, timeframe=M1, source=mt5)
2026-08-24 18:25:15,369 INFO    [data_providers] MT5 provider connected (symbol=XAUUSD, demo/live via terminal)
2026-08-24 18:25:15,369 WARNING [data_providers] MT5: no tick for XAUUSD (is the symbol in Market Watch?)
2026-08-24 18:25:16,371 INFO    [data_providers] MT5 provider: 0 ticks, 0 book updates for XAUUSD (spread 0.000%, H1/M15/M5 bars 0/0/0)
2026-08-24 18:25:16,371 INFO    [step1_data_acquisition] STEP 1: acquired mt5 data for XAUUSD (0 ticks)
2026-08-24 18:25:16,371 INFO    [main] STEP 1  DATA ACQUISITION -> OK (mt5, data=XAUUSD -> trade=XAUUSD, has_data=False)
2026-08-24 18:25:16,386 INFO    [step2_market_analysis] analyze_market() -> NEUTRAL (strength=0.7, confidence=44.06, news=QUIET)
2026-08-24 18:25:16,390 INFO    [main] STEP 2: snapshot saved -> A:\gitHub\Gold-MT5\gold_trading_system_mt5\data\market_snapshot.json
2026-08-24 18:25:16,390 INFO    [main] STEP 2  MARKET ANALYSIS -> OK -> NEUTRAL (strength 0.7, confidence 44.1)
2026-08-24 18:25:16,390 INFO    [main] STEP 3  AI DECISION -> HOLD (signal 0.7 < 10, AI skipped)
2026-08-24 18:25:16,390 INFO    [main] SAFETY: FEED -> STALE/EMPTY — age 0s — no trading
2026-08-24 18:25:16,390 INFO    [step4_mt5_execution] STEP 4: SKIPPED — confidence 0.0% < 70% (decision: HOLD).
2026-08-24 18:25:16,390 INFO    [main] STEP 4  EXECUTION -> SKIPPED — confidence 0.0% below threshold 70%
2026-08-24 18:25:16,409 INFO    [step5_monitoring] STEP 5: no open trades.
2026-08-24 18:25:16,409 INFO    [main] STEP 5  MONITORING -> OK
2026-08-24 18:25:16,440 INFO    [main] Trade outcome logged -> A:\gitHub\Gold-MT5\gold_trading_system_mt5\data\trade_outcomes.csv
2026-08-24 18:25:16,440 INFO    [main] Trade outcome logged -> A:\gitHub\Gold-MT5\gold_trading_system_mt5\data\trade_outcomes.csv
2026-08-24 18:25:16,447 INFO    [main] Trade outcome logged -> A:\gitHub\Gold-MT5\gold_trading_system_mt5\data\trade_outcomes.csv
2026-08-24 18:25:16,447 INFO    [main] Trade outcome logged -> A:\gitHub\Gold-MT5\gold_trading_system_mt5\data\trade_outcomes.csv
2026-08-24 18:25:16,449 INFO    [main] Trade outcome logged -> A:\gitHub\Gold-MT5\gold_trading_system_mt5\data\trade_outcomes.csv
2026-08-24 18:25:16,449 INFO    [main] Trade outcome logged -> A:\gitHub\Gold-MT5\gold_trading_system_mt5\data\trade_outcomes.csv
2026-08-24 18:25:16,449 INFO    [main] Trade outcome logged -> A:\gitHub\Gold-MT5\gold_trading_system_mt5\data\trade_outcomes.csv
2026-08-24 18:25:16,449 INFO    [main] Trade outcome logged -> A:\gitHub\Gold-MT5\gold_trading_system_mt5\data\trade_outcomes.csv
2026-08-24 18:25:16,449 INFO    [mt5_signal_bridge] MT5 signal written -> A:\gitHub\Gold-MT5\gold_trading_system_mt5\data\mt5_signal.txt (direction=NEUTRAL, conf=0.0)
2026-08-24 18:25:16,449 INFO    [main] MT5 SIGNAL BRIDGE -> OK -> mt5_signal.txt
2026-08-24 18:25:16,449 INFO    [main] Decision logged -> A:\gitHub\Gold-MT5\gold_trading_system_mt5\data\decisions_log.csv
2026-08-24 18:26:16,463 INFO    [step5_monitoring] STEP 5: --- loop iteration 8 ---
2026-08-24 18:26:16,463 INFO    [main] ======================================================================
2026-08-24 18:26:16,463 INFO    [main] GOLD TRADING SYSTEM — pipeline start (trade=XAUUSD, timeframe=M1, source=mt5)
2026-08-24 18:26:16,478 INFO    [data_providers] MT5 provider connected (symbol=XAUUSD, demo/live via terminal)
2026-08-24 18:26:16,478 WARNING [data_providers] MT5: no tick for XAUUSD (is the symbol in Market Watch?)
2026-08-24 18:26:17,491 INFO    [data_providers] MT5 provider: 0 ticks, 0 book updates for XAUUSD (spread 0.000%, H1/M15/M5 bars 0/0/0)
2026-08-24 18:26:17,491 INFO    [step1_data_acquisition] STEP 1: acquired mt5 data for XAUUSD (0 ticks)
2026-08-24 18:26:17,491 INFO    [main] STEP 1  DATA ACQUISITION -> OK (mt5, data=XAUUSD -> trade=XAUUSD, has_data=False)
2026-08-24 18:26:17,497 INFO    [step2_market_analysis] analyze_market() -> NEUTRAL (strength=0.7, confidence=44.06, news=QUIET)
2026-08-24 18:26:17,497 INFO    [main] STEP 2: snapshot saved -> A:\gitHub\Gold-MT5\gold_trading_system_mt5\data\market_snapshot.json
2026-08-24 18:26:17,497 INFO    [main] STEP 2  MARKET ANALYSIS -> OK -> NEUTRAL (strength 0.7, confidence 44.1)
2026-08-24 18:26:17,497 INFO    [main] STEP 3  AI DECISION -> HOLD (signal 0.7 < 10, AI skipped)
2026-08-24 18:26:17,513 INFO    [main] SAFETY: FEED -> STALE/EMPTY — age 0s — no trading
2026-08-24 18:26:17,513 INFO    [step4_mt5_execution] STEP 4: SKIPPED — confidence 0.0% < 70% (decision: HOLD).
2026-08-24 18:26:17,513 INFO    [main] STEP 4  EXECUTION -> SKIPPED — confidence 0.0% below threshold 70%
2026-08-24 18:26:17,513 INFO    [step5_monitoring] STEP 5: no open trades.
2026-08-24 18:26:17,513 INFO    [main] STEP 5  MONITORING -> OK
2026-08-24 18:26:17,529 INFO    [main] Trade outcome logged -> A:\gitHub\Gold-MT5\gold_trading_system_mt5\data\trade_outcomes.csv
2026-08-24 18:26:17,529 INFO    [main] Trade outcome logged -> A:\gitHub\Gold-MT5\gold_trading_system_mt5\data\trade_outcomes.csv
2026-08-24 18:26:17,529 INFO    [main] Trade outcome logged -> A:\gitHub\Gold-MT5\gold_trading_system_mt5\data\trade_outcomes.csv
2026-08-24 18:26:17,529 INFO    [main] Trade outcome logged -> A:\gitHub\Gold-MT5\gold_trading_system_mt5\data\trade_outcomes.csv
2026-08-24 18:26:17,545 INFO    [main] Trade outcome logged -> A:\gitHub\Gold-MT5\gold_trading_system_mt5\data\trade_outcomes.csv
2026-08-24 18:26:17,545 INFO    [main] Trade outcome logged -> A:\gitHub\Gold-MT5\gold_trading_system_mt5\data\trade_outcomes.csv
2026-08-24 18:26:17,545 INFO    [main] Trade outcome logged -> A:\gitHub\Gold-MT5\gold_trading_system_mt5\data\trade_outcomes.csv
2026-08-24 18:26:17,545 INFO    [main] Trade outcome logged -> A:\gitHub\Gold-MT5\gold_trading_system_mt5\data\trade_outcomes.csv
2026-08-24 18:26:17,545 INFO    [mt5_signal_bridge] MT5 signal written -> A:\gitHub\Gold-MT5\gold_trading_system_mt5\data\mt5_signal.txt (direction=NEUTRAL, conf=0.0)
2026-08-24 18:26:17,550 INFO    [main] MT5 SIGNAL BRIDGE -> OK -> mt5_signal.txt
2026-08-24 18:26:17,550 INFO    [main] Decision logged -> A:\gitHub\Gold-MT5\gold_trading_system_mt5\data\decisions_log.csv
2026-08-24 18:27:17,557 INFO    [step5_monitoring] STEP 5: --- loop iteration 9 ---
2026-08-24 18:27:17,558 INFO    [main] ======================================================================
2026-08-24 18:27:17,558 INFO    [main] GOLD TRADING SYSTEM — pipeline start (trade=XAUUSD, timeframe=M1, source=mt5)
2026-08-24 18:27:17,574 INFO    [data_providers] MT5 provider connected (symbol=XAUUSD, demo/live via terminal)
2026-08-24 18:27:17,574 WARNING [data_providers] MT5: no tick for XAUUSD (is the symbol in Market Watch?)
2026-08-24 18:27:18,589 INFO    [data_providers] MT5 provider: 0 ticks, 0 book updates for XAUUSD (spread 0.000%, H1/M15/M5 bars 0/0/0)
2026-08-24 18:27:18,589 INFO    [step1_data_acquisition] STEP 1: acquired mt5 data for XAUUSD (0 ticks)
2026-08-24 18:27:18,589 INFO    [main] STEP 1  DATA ACQUISITION -> OK (mt5, data=XAUUSD -> trade=XAUUSD, has_data=False)
2026-08-24 18:27:18,601 INFO    [step2_market_analysis] analyze_market() -> NEUTRAL (strength=0.7, confidence=44.06, news=QUIET)
2026-08-24 18:27:18,603 INFO    [main] STEP 2: snapshot saved -> A:\gitHub\Gold-MT5\gold_trading_system_mt5\data\market_snapshot.json
2026-08-24 18:27:18,603 INFO    [main] STEP 2  MARKET ANALYSIS -> OK -> NEUTRAL (strength 0.7, confidence 44.1)
2026-08-24 18:27:18,603 INFO    [main] STEP 3  AI DECISION -> HOLD (signal 0.7 < 10, AI skipped)
2026-08-24 18:27:18,603 INFO    [main] SAFETY: FEED -> STALE/EMPTY — age 0s — no trading
2026-08-24 18:27:18,603 INFO    [step4_mt5_execution] STEP 4: SKIPPED — confidence 0.0% < 70% (decision: HOLD).
2026-08-24 18:27:18,603 INFO    [main] STEP 4  EXECUTION -> SKIPPED — confidence 0.0% below threshold 70%
2026-08-24 18:27:18,616 INFO    [step5_monitoring] STEP 5: no open trades.
2026-08-24 18:27:18,616 INFO    [main] STEP 5  MONITORING -> OK
2026-08-24 18:27:18,632 INFO    [main] Trade outcome logged -> A:\gitHub\Gold-MT5\gold_trading_system_mt5\data\trade_outcomes.csv
2026-08-24 18:27:18,644 INFO    [main] Trade outcome logged -> A:\gitHub\Gold-MT5\gold_trading_system_mt5\data\trade_outcomes.csv
2026-08-24 18:27:18,644 INFO    [main] Trade outcome logged -> A:\gitHub\Gold-MT5\gold_trading_system_mt5\data\trade_outcomes.csv
2026-08-24 18:27:18,646 INFO    [main] Trade outcome logged -> A:\gitHub\Gold-MT5\gold_trading_system_mt5\data\trade_outcomes.csv
2026-08-24 18:27:18,646 INFO    [main] Trade outcome logged -> A:\gitHub\Gold-MT5\gold_trading_system_mt5\data\trade_outcomes.csv
2026-08-24 18:27:18,646 INFO    [main] Trade outcome logged -> A:\gitHub\Gold-MT5\gold_trading_system_mt5\data\trade_outcomes.csv
2026-08-24 18:27:18,646 INFO    [main] Trade outcome logged -> A:\gitHub\Gold-MT5\gold_trading_system_mt5\data\trade_outcomes.csv
2026-08-24 18:27:18,648 INFO    [main] Trade outcome logged -> A:\gitHub\Gold-MT5\gold_trading_system_mt5\data\trade_outcomes.csv
2026-08-24 18:27:18,649 INFO    [mt5_signal_bridge] MT5 signal written -> A:\gitHub\Gold-MT5\gold_trading_system_mt5\data\mt5_signal.txt (direction=NEUTRAL, conf=0.0)
2026-08-24 18:27:18,649 INFO    [main] MT5 SIGNAL BRIDGE -> OK -> mt5_signal.txt
2026-08-24 18:27:18,650 INFO    [main] Decision logged -> A:\gitHub\Gold-MT5\gold_trading_system_mt5\data\decisions_log.csv
2026-08-24 18:28:18,655 INFO    [step5_monitoring] STEP 5: --- loop iteration 10 ---
2026-08-24 18:28:18,662 INFO    [main] ======================================================================
2026-08-24 18:28:18,662 INFO    [main] GOLD TRADING SYSTEM — pipeline start (trade=XAUUSD, timeframe=M1, source=mt5)
2026-08-24 18:28:18,686 INFO    [data_providers] MT5 provider connected (symbol=XAUUSD, demo/live via terminal)
2026-08-24 18:28:18,686 WARNING [data_providers] MT5: no tick for XAUUSD (is the symbol in Market Watch?)
2026-08-24 18:28:19,693 INFO    [data_providers] MT5 provider: 0 ticks, 0 book updates for XAUUSD (spread 0.000%, H1/M15/M5 bars 0/0/0)
2026-08-24 18:28:19,693 INFO    [step1_data_acquisition] STEP 1: acquired mt5 data for XAUUSD (0 ticks)
2026-08-24 18:28:19,693 INFO    [main] STEP 1  DATA ACQUISITION -> OK (mt5, data=XAUUSD -> trade=XAUUSD, has_data=False)
2026-08-24 18:28:19,702 INFO    [step2_market_analysis] analyze_market() -> NEUTRAL (strength=0.7, confidence=44.06, news=QUIET)
2026-08-24 18:28:19,709 INFO    [main] STEP 2: snapshot saved -> A:\gitHub\Gold-MT5\gold_trading_system_mt5\data\market_snapshot.json
2026-08-24 18:28:19,709 INFO    [main] STEP 2  MARKET ANALYSIS -> OK -> NEUTRAL (strength 0.7, confidence 44.1)
2026-08-24 18:28:19,709 INFO    [main] STEP 3  AI DECISION -> HOLD (signal 0.7 < 10, AI skipped)
2026-08-24 18:28:19,709 INFO    [main] SAFETY: FEED -> STALE/EMPTY — age 0s — no trading
2026-08-24 18:28:19,709 INFO    [step4_mt5_execution] STEP 4: SKIPPED — confidence 0.0% < 70% (decision: HOLD).
2026-08-24 18:28:19,709 INFO    [main] STEP 4  EXECUTION -> SKIPPED — confidence 0.0% below threshold 70%
2026-08-24 18:28:19,736 INFO    [step5_monitoring] STEP 5: no open trades.
2026-08-24 18:28:19,736 INFO    [main] STEP 5  MONITORING -> OK
2026-08-24 18:28:19,752 INFO    [main] Trade outcome logged -> A:\gitHub\Gold-MT5\gold_trading_system_mt5\data\trade_outcomes.csv
2026-08-24 18:28:19,752 INFO    [main] Trade outcome logged -> A:\gitHub\Gold-MT5\gold_trading_system_mt5\data\trade_outcomes.csv
2026-08-24 18:28:19,752 INFO    [main] Trade outcome logged -> A:\gitHub\Gold-MT5\gold_trading_system_mt5\data\trade_outcomes.csv
2026-08-24 18:28:19,752 INFO    [main] Trade outcome logged -> A:\gitHub\Gold-MT5\gold_trading_system_mt5\data\trade_outcomes.csv
2026-08-24 18:28:19,752 INFO    [main] Trade outcome logged -> A:\gitHub\Gold-MT5\gold_trading_system_mt5\data\trade_outcomes.csv
2026-08-24 18:28:19,752 INFO    [main] Trade outcome logged -> A:\gitHub\Gold-MT5\gold_trading_system_mt5\data\trade_outcomes.csv
2026-08-24 18:28:19,752 INFO    [main] Trade outcome logged -> A:\gitHub\Gold-MT5\gold_trading_system_mt5\data\trade_outcomes.csv
2026-08-24 18:28:19,752 INFO    [main] Trade outcome logged -> A:\gitHub\Gold-MT5\gold_trading_system_mt5\data\trade_outcomes.csv
2026-08-24 18:28:19,752 INFO    [mt5_signal_bridge] MT5 signal written -> A:\gitHub\Gold-MT5\gold_trading_system_mt5\data\mt5_signal.txt (direction=NEUTRAL, conf=0.0)
2026-08-24 18:28:19,752 INFO    [main] MT5 SIGNAL BRIDGE -> OK -> mt5_signal.txt
2026-08-24 18:28:19,752 INFO    [main] Decision logged -> A:\gitHub\Gold-MT5\gold_trading_system_mt5\data\decisions_log.csv
2026-08-24 18:29:19,766 INFO    [step5_monitoring] STEP 5: --- loop iteration 11 ---
2026-08-24 18:29:19,769 INFO    [main] ======================================================================
2026-08-24 18:29:19,769 INFO    [main] GOLD TRADING SYSTEM — pipeline start (trade=XAUUSD, timeframe=M1, source=mt5)
2026-08-24 18:29:19,784 INFO    [data_providers] MT5 provider connected (symbol=XAUUSD, demo/live via terminal)
2026-08-24 18:29:19,784 WARNING [data_providers] MT5: no tick for XAUUSD (is the symbol in Market Watch?)
2026-08-24 18:29:20,786 INFO    [data_providers] MT5 provider: 0 ticks, 0 book updates for XAUUSD (spread 0.000%, H1/M15/M5 bars 0/0/0)
2026-08-24 18:29:20,786 INFO    [step1_data_acquisition] STEP 1: acquired mt5 data for XAUUSD (0 ticks)
2026-08-24 18:29:20,786 INFO    [main] STEP 1  DATA ACQUISITION -> OK (mt5, data=XAUUSD -> trade=XAUUSD, has_data=False)
2026-08-24 18:29:20,801 INFO    [step2_market_analysis] analyze_market() -> NEUTRAL (strength=0.7, confidence=44.06, news=QUIET)
2026-08-24 18:29:20,804 INFO    [main] STEP 2: snapshot saved -> A:\gitHub\Gold-MT5\gold_trading_system_mt5\data\market_snapshot.json
2026-08-24 18:29:20,804 INFO    [main] STEP 2  MARKET ANALYSIS -> OK -> NEUTRAL (strength 0.7, confidence 44.1)
2026-08-24 18:29:20,804 INFO    [main] STEP 3  AI DECISION -> HOLD (signal 0.7 < 10, AI skipped)
2026-08-24 18:29:20,806 INFO    [main] SAFETY: FEED -> STALE/EMPTY — age 0s — no trading
2026-08-24 18:29:20,806 INFO    [step4_mt5_execution] STEP 4: SKIPPED — confidence 0.0% < 70% (decision: HOLD).
2026-08-24 18:29:20,806 INFO    [main] STEP 4  EXECUTION -> SKIPPED — confidence 0.0% below threshold 70%
2026-08-24 18:29:20,824 INFO    [step5_monitoring] STEP 5: no open trades.
2026-08-24 18:29:20,824 INFO    [main] STEP 5  MONITORING -> OK
2026-08-24 18:29:20,839 INFO    [main] Trade outcome logged -> A:\gitHub\Gold-MT5\gold_trading_system_mt5\data\trade_outcomes.csv
2026-08-24 18:29:20,839 INFO    [main] Trade outcome logged -> A:\gitHub\Gold-MT5\gold_trading_system_mt5\data\trade_outcomes.csv
2026-08-24 18:29:20,839 INFO    [main] Trade outcome logged -> A:\gitHub\Gold-MT5\gold_trading_system_mt5\data\trade_outcomes.csv
2026-08-24 18:29:20,839 INFO    [main] Trade outcome logged -> A:\gitHub\Gold-MT5\gold_trading_system_mt5\data\trade_outcomes.csv
2026-08-24 18:29:20,839 INFO    [main] Trade outcome logged -> A:\gitHub\Gold-MT5\gold_trading_system_mt5\data\trade_outcomes.csv
2026-08-24 18:29:20,839 INFO    [main] Trade outcome logged -> A:\gitHub\Gold-MT5\gold_trading_system_mt5\data\trade_outcomes.csv
2026-08-24 18:29:20,839 INFO    [main] Trade outcome logged -> A:\gitHub\Gold-MT5\gold_trading_system_mt5\data\trade_outcomes.csv
2026-08-24 18:29:20,839 INFO    [main] Trade outcome logged -> A:\gitHub\Gold-MT5\gold_trading_system_mt5\data\trade_outcomes.csv
2026-08-24 18:29:20,839 INFO    [mt5_signal_bridge] MT5 signal written -> A:\gitHub\Gold-MT5\gold_trading_system_mt5\data\mt5_signal.txt (direction=NEUTRAL, conf=0.0)
2026-08-24 18:29:20,839 INFO    [main] MT5 SIGNAL BRIDGE -> OK -> mt5_signal.txt
2026-08-24 18:29:20,839 INFO    [main] Decision logged -> A:\gitHub\Gold-MT5\gold_trading_system_mt5\data\decisions_log.csv
2026-08-24 18:30:20,852 INFO    [step5_monitoring] STEP 5: --- loop iteration 12 ---
2026-08-24 18:30:20,856 INFO    [main] ======================================================================
2026-08-24 18:30:20,856 INFO    [main] GOLD TRADING SYSTEM — pipeline start (trade=XAUUSD, timeframe=M1, source=mt5)
2026-08-24 18:30:20,874 INFO    [data_providers] MT5 provider connected (symbol=XAUUSD, demo/live via terminal)
2026-08-24 18:30:20,875 WARNING [data_providers] MT5: no tick for XAUUSD (is the symbol in Market Watch?)
2026-08-24 18:30:21,877 INFO    [data_providers] MT5 provider: 0 ticks, 0 book updates for XAUUSD (spread 0.000%, H1/M15/M5 bars 0/0/0)
2026-08-24 18:30:21,878 INFO    [step1_data_acquisition] STEP 1: acquired mt5 data for XAUUSD (0 ticks)
2026-08-24 18:30:21,878 INFO    [main] STEP 1  DATA ACQUISITION -> OK (mt5, data=XAUUSD -> trade=XAUUSD, has_data=False)
2026-08-24 18:30:21,893 INFO    [step2_market_analysis] analyze_market() -> NEUTRAL (strength=0.7, confidence=30.84, news=WARNING)
2026-08-24 18:30:21,893 INFO    [main] STEP 2: snapshot saved -> A:\gitHub\Gold-MT5\gold_trading_system_mt5\data\market_snapshot.json
2026-08-24 18:30:21,893 INFO    [main] STEP 2  MARKET ANALYSIS -> OK -> NEUTRAL (strength 0.7, confidence 30.8)
2026-08-24 18:30:21,893 INFO    [main] STEP 3  AI DECISION -> HOLD (signal 0.7 < 10, AI skipped)
2026-08-24 18:30:21,893 INFO    [main] SAFETY: FEED -> STALE/EMPTY — age 0s — no trading
2026-08-24 18:30:21,893 INFO    [step4_mt5_execution] STEP 4: SKIPPED — confidence 0.0% < 70% (decision: HOLD).
2026-08-24 18:30:21,893 INFO    [main] STEP 4  EXECUTION -> SKIPPED — confidence 0.0% below threshold 70%
2026-08-24 18:30:21,916 INFO    [step5_monitoring] STEP 5: no open trades.
2026-08-24 18:30:21,917 INFO    [main] STEP 5  MONITORING -> OK
2026-08-24 18:30:21,937 INFO    [main] Trade outcome logged -> A:\gitHub\Gold-MT5\gold_trading_system_mt5\data\trade_outcomes.csv
2026-08-24 18:30:21,937 INFO    [main] Trade outcome logged -> A:\gitHub\Gold-MT5\gold_trading_system_mt5\data\trade_outcomes.csv
2026-08-24 18:30:21,937 INFO    [main] Trade outcome logged -> A:\gitHub\Gold-MT5\gold_trading_system_mt5\data\trade_outcomes.csv
2026-08-24 18:30:21,937 INFO    [main] Trade outcome logged -> A:\gitHub\Gold-MT5\gold_trading_system_mt5\data\trade_outcomes.csv
2026-08-24 18:30:21,937 INFO    [main] Trade outcome logged -> A:\gitHub\Gold-MT5\gold_trading_system_mt5\data\trade_outcomes.csv
2026-08-24 18:30:21,937 INFO    [main] Trade outcome logged -> A:\gitHub\Gold-MT5\gold_trading_system_mt5\data\trade_outcomes.csv
2026-08-24 18:30:21,937 INFO    [main] Trade outcome logged -> A:\gitHub\Gold-MT5\gold_trading_system_mt5\data\trade_outcomes.csv
2026-08-24 18:30:21,937 INFO    [main] Trade outcome logged -> A:\gitHub\Gold-MT5\gold_trading_system_mt5\data\trade_outcomes.csv
2026-08-24 18:30:21,943 INFO    [mt5_signal_bridge] MT5 signal written -> A:\gitHub\Gold-MT5\gold_trading_system_mt5\data\mt5_signal.txt (direction=NEUTRAL, conf=0.0)
2026-08-24 18:30:21,943 INFO    [main] MT5 SIGNAL BRIDGE -> OK -> mt5_signal.txt
2026-08-24 18:30:21,943 INFO    [main] Decision logged -> A:\gitHub\Gold-MT5\gold_trading_system_mt5\data\decisions_log.csv
2026-08-24 18:31:21,949 INFO    [step5_monitoring] STEP 5: --- loop iteration 13 ---
2026-08-24 18:31:21,955 INFO    [main] ======================================================================
2026-08-24 18:31:21,955 INFO    [main] GOLD TRADING SYSTEM — pipeline start (trade=XAUUSD, timeframe=M1, source=mt5)
2026-08-24 18:31:21,976 INFO    [data_providers] MT5 provider connected (symbol=XAUUSD, demo/live via terminal)
2026-08-24 18:31:21,976 WARNING [data_providers] MT5: no tick for XAUUSD (is the symbol in Market Watch?)
2026-08-24 18:31:22,980 INFO    [data_providers] MT5 provider: 0 ticks, 0 book updates for XAUUSD (spread 0.000%, H1/M15/M5 bars 0/0/0)
2026-08-24 18:31:22,980 INFO    [step1_data_acquisition] STEP 1: acquired mt5 data for XAUUSD (0 ticks)
2026-08-24 18:31:22,980 INFO    [main] STEP 1  DATA ACQUISITION -> OK (mt5, data=XAUUSD -> trade=XAUUSD, has_data=False)
2026-08-24 18:31:22,996 INFO    [step2_market_analysis] analyze_market() -> NEUTRAL (strength=0.7, confidence=30.84, news=WARNING)
2026-08-24 18:31:22,996 INFO    [main] STEP 2: snapshot saved -> A:\gitHub\Gold-MT5\gold_trading_system_mt5\data\market_snapshot.json
2026-08-24 18:31:22,996 INFO    [main] STEP 2  MARKET ANALYSIS -> OK -> NEUTRAL (strength 0.7, confidence 30.8)
2026-08-24 18:31:22,996 INFO    [main] STEP 3  AI DECISION -> HOLD (signal 0.7 < 10, AI skipped)
2026-08-24 18:31:22,996 INFO    [main] SAFETY: FEED -> STALE/EMPTY — age 0s — no trading
2026-08-24 18:31:22,996 INFO    [step4_mt5_execution] STEP 4: SKIPPED — confidence 0.0% < 70% (decision: HOLD).
2026-08-24 18:31:22,996 INFO    [main] STEP 4  EXECUTION -> SKIPPED — confidence 0.0% below threshold 70%
2026-08-24 18:31:23,020 INFO    [step5_monitoring] STEP 5: no open trades.
2026-08-24 18:31:23,020 INFO    [main] STEP 5  MONITORING -> OK
2026-08-24 18:31:23,037 INFO    [main] Trade outcome logged -> A:\gitHub\Gold-MT5\gold_trading_system_mt5\data\trade_outcomes.csv
2026-08-24 18:31:23,037 INFO    [main] Trade outcome logged -> A:\gitHub\Gold-MT5\gold_trading_system_mt5\data\trade_outcomes.csv
2026-08-24 18:31:23,037 INFO    [main] Trade outcome logged -> A:\gitHub\Gold-MT5\gold_trading_system_mt5\data\trade_outcomes.csv
2026-08-24 18:31:23,047 INFO    [main] Trade outcome logged -> A:\gitHub\Gold-MT5\gold_trading_system_mt5\data\trade_outcomes.csv
2026-08-24 18:31:23,047 INFO    [main] Trade outcome logged -> A:\gitHub\Gold-MT5\gold_trading_system_mt5\data\trade_outcomes.csv
2026-08-24 18:31:23,047 INFO    [main] Trade outcome logged -> A:\gitHub\Gold-MT5\gold_trading_system_mt5\data\trade_outcomes.csv
2026-08-24 18:31:23,047 INFO    [main] Trade outcome logged -> A:\gitHub\Gold-MT5\gold_trading_system_mt5\data\trade_outcomes.csv
2026-08-24 18:31:23,047 INFO    [main] Trade outcome logged -> A:\gitHub\Gold-MT5\gold_trading_system_mt5\data\trade_outcomes.csv
2026-08-24 18:31:23,051 INFO    [mt5_signal_bridge] MT5 signal written -> A:\gitHub\Gold-MT5\gold_trading_system_mt5\data\mt5_signal.txt (direction=NEUTRAL, conf=0.0)
2026-08-24 18:31:23,053 INFO    [main] MT5 SIGNAL BRIDGE -> OK -> mt5_signal.txt
2026-08-24 18:31:23,055 INFO    [main] Decision logged -> A:\gitHub\Gold-MT5\gold_trading_system_mt5\data\decisions_log.csv
2026-08-24 18:32:23,060 INFO    [step5_monitoring] STEP 5: --- loop iteration 14 ---
2026-08-24 18:32:23,067 INFO    [main] ======================================================================
2026-08-24 18:32:23,067 INFO    [main] GOLD TRADING SYSTEM — pipeline start (trade=XAUUSD, timeframe=M1, source=mt5)
2026-08-24 18:32:23,083 INFO    [data_providers] MT5 provider connected (symbol=XAUUSD, demo/live via terminal)
2026-08-24 18:32:23,083 WARNING [data_providers] MT5: no tick for XAUUSD (is the symbol in Market Watch?)
2026-08-24 18:32:24,093 INFO    [data_providers] MT5 provider: 0 ticks, 0 book updates for XAUUSD (spread 0.000%, H1/M15/M5 bars 0/0/0)
2026-08-24 18:32:24,093 INFO    [step1_data_acquisition] STEP 1: acquired mt5 data for XAUUSD (0 ticks)
2026-08-24 18:32:24,093 INFO    [main] STEP 1  DATA ACQUISITION -> OK (mt5, data=XAUUSD -> trade=XAUUSD, has_data=False)
2026-08-24 18:32:24,100 INFO    [step2_market_analysis] analyze_market() -> NEUTRAL (strength=0.7, confidence=30.84, news=WARNING)
2026-08-24 18:32:24,100 INFO    [main] STEP 2: snapshot saved -> A:\gitHub\Gold-MT5\gold_trading_system_mt5\data\market_snapshot.json
2026-08-24 18:32:24,100 INFO    [main] STEP 2  MARKET ANALYSIS -> OK -> NEUTRAL (strength 0.7, confidence 30.8)
2026-08-24 18:32:24,100 INFO    [main] STEP 3  AI DECISION -> HOLD (signal 0.7 < 10, AI skipped)
2026-08-24 18:32:24,100 INFO    [main] SAFETY: FEED -> STALE/EMPTY — age 0s — no trading
2026-08-24 18:32:24,115 INFO    [step4_mt5_execution] STEP 4: SKIPPED — confidence 0.0% < 70% (decision: HOLD).
2026-08-24 18:32:24,115 INFO    [main] STEP 4  EXECUTION -> SKIPPED — confidence 0.0% below threshold 70%
2026-08-24 18:32:24,117 INFO    [step5_monitoring] STEP 5: no open trades.
2026-08-24 18:32:24,117 INFO    [main] STEP 5  MONITORING -> OK
2026-08-24 18:32:24,133 INFO    [main] Trade outcome logged -> A:\gitHub\Gold-MT5\gold_trading_system_mt5\data\trade_outcomes.csv
2026-08-24 18:32:24,133 INFO    [main] Trade outcome logged -> A:\gitHub\Gold-MT5\gold_trading_system_mt5\data\trade_outcomes.csv
2026-08-24 18:32:24,140 INFO    [main] Trade outcome logged -> A:\gitHub\Gold-MT5\gold_trading_system_mt5\data\trade_outcomes.csv
2026-08-24 18:32:24,140 INFO    [main] Trade outcome logged -> A:\gitHub\Gold-MT5\gold_trading_system_mt5\data\trade_outcomes.csv
2026-08-24 18:32:24,142 INFO    [main] Trade outcome logged -> A:\gitHub\Gold-MT5\gold_trading_system_mt5\data\trade_outcomes.csv
2026-08-24 18:32:24,142 INFO    [main] Trade outcome logged -> A:\gitHub\Gold-MT5\gold_trading_system_mt5\data\trade_outcomes.csv
2026-08-24 18:32:24,142 INFO    [main] Trade outcome logged -> A:\gitHub\Gold-MT5\gold_trading_system_mt5\data\trade_outcomes.csv
2026-08-24 18:32:24,142 INFO    [main] Trade outcome logged -> A:\gitHub\Gold-MT5\gold_trading_system_mt5\data\trade_outcomes.csv
2026-08-24 18:32:24,147 INFO    [mt5_signal_bridge] MT5 signal written -> A:\gitHub\Gold-MT5\gold_trading_system_mt5\data\mt5_signal.txt (direction=NEUTRAL, conf=0.0)
2026-08-24 18:32:24,147 INFO    [main] MT5 SIGNAL BRIDGE -> OK -> mt5_signal.txt
2026-08-24 18:32:24,147 INFO    [main] Decision logged -> A:\gitHub\Gold-MT5\gold_trading_system_mt5\data\decisions_log.csv
2026-08-24 18:33:24,153 INFO    [step5_monitoring] STEP 5: --- loop iteration 15 ---
2026-08-24 18:33:24,153 INFO    [main] ======================================================================
2026-08-24 18:33:24,153 INFO    [main] GOLD TRADING SYSTEM — pipeline start (trade=XAUUSD, timeframe=M1, source=mt5)
2026-08-24 18:33:24,182 INFO    [data_providers] MT5 provider connected (symbol=XAUUSD, demo/live via terminal)
2026-08-24 18:33:24,182 WARNING [data_providers] MT5: no tick for XAUUSD (is the symbol in Market Watch?)
2026-08-24 18:33:25,185 INFO    [data_providers] MT5 provider: 0 ticks, 0 book updates for XAUUSD (spread 0.000%, H1/M15/M5 bars 0/0/0)
2026-08-24 18:33:25,185 INFO    [step1_data_acquisition] STEP 1: acquired mt5 data for XAUUSD (0 ticks)
2026-08-24 18:33:25,187 INFO    [main] STEP 1  DATA ACQUISITION -> OK (mt5, data=XAUUSD -> trade=XAUUSD, has_data=False)
2026-08-24 18:33:25,190 INFO    [step2_market_analysis] analyze_market() -> NEUTRAL (strength=0.7, confidence=30.84, news=WARNING)
2026-08-24 18:33:25,206 INFO    [main] STEP 2: snapshot saved -> A:\gitHub\Gold-MT5\gold_trading_system_mt5\data\market_snapshot.json
2026-08-24 18:33:25,206 INFO    [main] STEP 2  MARKET ANALYSIS -> OK -> NEUTRAL (strength 0.7, confidence 30.8)
2026-08-24 18:33:25,206 INFO    [main] STEP 3  AI DECISION -> HOLD (signal 0.7 < 10, AI skipped)
2026-08-24 18:33:25,206 INFO    [main] SAFETY: FEED -> STALE/EMPTY — age 0s — no trading
2026-08-24 18:33:25,206 INFO    [step4_mt5_execution] STEP 4: SKIPPED — confidence 0.0% < 70% (decision: HOLD).
2026-08-24 18:33:25,206 INFO    [main] STEP 4  EXECUTION -> SKIPPED — confidence 0.0% below threshold 70%
2026-08-24 18:33:25,227 INFO    [step5_monitoring] STEP 5: no open trades.
2026-08-24 18:33:25,227 INFO    [main] STEP 5  MONITORING -> OK
2026-08-24 18:33:25,238 INFO    [main] Trade outcome logged -> A:\gitHub\Gold-MT5\gold_trading_system_mt5\data\trade_outcomes.csv
2026-08-24 18:33:25,238 INFO    [main] Trade outcome logged -> A:\gitHub\Gold-MT5\gold_trading_system_mt5\data\trade_outcomes.csv
2026-08-24 18:33:25,238 INFO    [main] Trade outcome logged -> A:\gitHub\Gold-MT5\gold_trading_system_mt5\data\trade_outcomes.csv
2026-08-24 18:33:25,253 INFO    [main] Trade outcome logged -> A:\gitHub\Gold-MT5\gold_trading_system_mt5\data\trade_outcomes.csv
2026-08-24 18:33:25,254 INFO    [main] Trade outcome logged -> A:\gitHub\Gold-MT5\gold_trading_system_mt5\data\trade_outcomes.csv
2026-08-24 18:33:25,254 INFO    [main] Trade outcome logged -> A:\gitHub\Gold-MT5\gold_trading_system_mt5\data\trade_outcomes.csv
2026-08-24 18:33:25,254 INFO    [main] Trade outcome logged -> A:\gitHub\Gold-MT5\gold_trading_system_mt5\data\trade_outcomes.csv
2026-08-24 18:33:25,254 INFO    [main] Trade outcome logged -> A:\gitHub\Gold-MT5\gold_trading_system_mt5\data\trade_outcomes.csv
2026-08-24 18:33:25,254 INFO    [mt5_signal_bridge] MT5 signal written -> A:\gitHub\Gold-MT5\gold_trading_system_mt5\data\mt5_signal.txt (direction=NEUTRAL, conf=0.0)
2026-08-24 18:33:25,254 INFO    [main] MT5 SIGNAL BRIDGE -> OK -> mt5_signal.txt
2026-08-24 18:33:25,254 INFO    [main] Decision logged -> A:\gitHub\Gold-MT5\gold_trading_system_mt5\data\decisions_log.csv
2026-08-24 18:34:25,266 INFO    [step5_monitoring] STEP 5: --- loop iteration 16 ---
2026-08-24 18:34:25,270 INFO    [main] ======================================================================
2026-08-24 18:34:25,270 INFO    [main] GOLD TRADING SYSTEM — pipeline start (trade=XAUUSD, timeframe=M1, source=mt5)
2026-08-24 18:34:25,296 INFO    [data_providers] MT5 provider connected (symbol=XAUUSD, demo/live via terminal)
2026-08-24 18:34:25,296 WARNING [data_providers] MT5: no tick for XAUUSD (is the symbol in Market Watch?)
2026-08-24 18:34:26,299 INFO    [data_providers] MT5 provider: 0 ticks, 0 book updates for XAUUSD (spread 0.000%, H1/M15/M5 bars 0/0/0)
2026-08-24 18:34:26,299 INFO    [step1_data_acquisition] STEP 1: acquired mt5 data for XAUUSD (0 ticks)
2026-08-24 18:34:26,299 INFO    [main] STEP 1  DATA ACQUISITION -> OK (mt5, data=XAUUSD -> trade=XAUUSD, has_data=False)
2026-08-24 18:34:30,981 INFO    [news] news: 20 fresh headlines fetched.
2026-08-24 18:34:32,763 INFO    [macro] macro: DXY 98.97, 10Y 4.690%, VIX 15.66 (125 aligned points).
2026-08-24 18:34:32,785 INFO    [step2_market_analysis] analyze_market() -> NEUTRAL (strength=0.62, confidence=30.81, news=WARNING)
2026-08-24 18:34:32,785 INFO    [main] STEP 2: snapshot saved -> A:\gitHub\Gold-MT5\gold_trading_system_mt5\data\market_snapshot.json
2026-08-24 18:34:32,785 INFO    [main] STEP 2  MARKET ANALYSIS -> OK -> NEUTRAL (strength 0.6, confidence 30.8)
2026-08-24 18:34:32,785 INFO    [main] STEP 3  AI DECISION -> HOLD (signal 0.6 < 10, AI skipped)
2026-08-24 18:34:32,785 INFO    [main] SAFETY: FEED -> STALE/EMPTY — age 0s — no trading
2026-08-24 18:34:32,785 INFO    [step4_mt5_execution] STEP 4: SKIPPED — confidence 0.0% < 70% (decision: HOLD).
2026-08-24 18:34:32,791 INFO    [main] STEP 4  EXECUTION -> SKIPPED — confidence 0.0% below threshold 70%
2026-08-24 18:34:32,807 INFO    [step5_monitoring] STEP 5: no open trades.
2026-08-24 18:34:32,807 INFO    [main] STEP 5  MONITORING -> OK
2026-08-24 18:34:32,824 INFO    [main] Trade outcome logged -> A:\gitHub\Gold-MT5\gold_trading_system_mt5\data\trade_outcomes.csv
2026-08-24 18:34:32,824 INFO    [main] Trade outcome logged -> A:\gitHub\Gold-MT5\gold_trading_system_mt5\data\trade_outcomes.csv
2026-08-24 18:34:32,824 INFO    [main] Trade outcome logged -> A:\gitHub\Gold-MT5\gold_trading_system_mt5\data\trade_outcomes.csv
2026-08-24 18:34:32,824 INFO    [main] Trade outcome logged -> A:\gitHub\Gold-MT5\gold_trading_system_mt5\data\trade_outcomes.csv
2026-08-24 18:34:32,824 INFO    [main] Trade outcome logged -> A:\gitHub\Gold-MT5\gold_trading_system_mt5\data\trade_outcomes.csv
2026-08-24 18:34:32,824 INFO    [main] Trade outcome logged -> A:\gitHub\Gold-MT5\gold_trading_system_mt5\data\trade_outcomes.csv
2026-08-24 18:34:32,824 INFO    [main] Trade outcome logged -> A:\gitHub\Gold-MT5\gold_trading_system_mt5\data\trade_outcomes.csv
2026-08-24 18:34:32,824 INFO    [main] Trade outcome logged -> A:\gitHub\Gold-MT5\gold_trading_system_mt5\data\trade_outcomes.csv
2026-08-24 18:34:32,824 INFO    [main] Trade outcome logged -> A:\gitHub\Gold-MT5\gold_trading_system_mt5\data\trade_outcomes.csv
2026-08-24 18:34:32,824 INFO    [mt5_signal_bridge] MT5 signal written -> A:\gitHub\Gold-MT5\gold_trading_system_mt5\data\mt5_signal.txt (direction=NEUTRAL, conf=0.0)
2026-08-24 18:34:32,824 INFO    [main] MT5 SIGNAL BRIDGE -> OK -> mt5_signal.txt
2026-08-24 18:34:32,824 INFO    [main] Decision logged -> A:\gitHub\Gold-MT5\gold_trading_system_mt5\data\decisions_log.csv
2026-08-24 18:35:32,841 INFO    [step5_monitoring] STEP 5: --- loop iteration 17 ---
2026-08-24 18:35:32,846 INFO    [main] ======================================================================
2026-08-24 18:35:32,847 INFO    [main] GOLD TRADING SYSTEM — pipeline start (trade=XAUUSD, timeframe=M1, source=mt5)
2026-08-24 18:35:32,880 INFO    [data_providers] MT5 provider connected (symbol=XAUUSD, demo/live via terminal)
2026-08-24 18:35:32,881 WARNING [data_providers] MT5: no tick for XAUUSD (is the symbol in Market Watch?)
2026-08-24 18:35:33,883 INFO    [data_providers] MT5 provider: 0 ticks, 0 book updates for XAUUSD (spread 0.000%, H1/M15/M5 bars 0/0/0)
2026-08-24 18:35:33,884 INFO    [step1_data_acquisition] STEP 1: acquired mt5 data for XAUUSD (0 ticks)
2026-08-24 18:35:33,884 INFO    [main] STEP 1  DATA ACQUISITION -> OK (mt5, data=XAUUSD -> trade=XAUUSD, has_data=False)
2026-08-24 18:35:33,900 INFO    [step2_market_analysis] analyze_market() -> NEUTRAL (strength=0.62, confidence=30.81, news=WARNING)
2026-08-24 18:35:33,905 INFO    [main] STEP 2: snapshot saved -> A:\gitHub\Gold-MT5\gold_trading_system_mt5\data\market_snapshot.json
2026-08-24 18:35:33,905 INFO    [main] STEP 2  MARKET ANALYSIS -> OK -> NEUTRAL (strength 0.6, confidence 30.8)
2026-08-24 18:35:33,905 INFO    [main] STEP 3  AI DECISION -> HOLD (signal 0.6 < 10, AI skipped)
2026-08-24 18:35:33,905 INFO    [main] SAFETY: FEED -> STALE/EMPTY — age 0s — no trading
2026-08-24 18:35:33,905 INFO    [step4_mt5_execution] STEP 4: SKIPPED — confidence 0.0% < 70% (decision: HOLD).
2026-08-24 18:35:33,905 INFO    [main] STEP 4  EXECUTION -> SKIPPED — confidence 0.0% below threshold 70%
2026-08-24 18:35:33,919 INFO    [step5_monitoring] STEP 5: no open trades.
2026-08-24 18:35:33,920 INFO    [main] STEP 5  MONITORING -> OK
2026-08-24 18:35:33,933 INFO    [main] Trade outcome logged -> A:\gitHub\Gold-MT5\gold_trading_system_mt5\data\trade_outcomes.csv
2026-08-24 18:35:33,933 INFO    [main] Trade outcome logged -> A:\gitHub\Gold-MT5\gold_trading_system_mt5\data\trade_outcomes.csv
2026-08-24 18:35:33,934 INFO    [main] Trade outcome logged -> A:\gitHub\Gold-MT5\gold_trading_system_mt5\data\trade_outcomes.csv
2026-08-24 18:35:33,935 INFO    [main] Trade outcome logged -> A:\gitHub\Gold-MT5\gold_trading_system_mt5\data\trade_outcomes.csv
2026-08-24 18:35:33,935 INFO    [main] Trade outcome logged -> A:\gitHub\Gold-MT5\gold_trading_system_mt5\data\trade_outcomes.csv
2026-08-24 18:35:33,936 INFO    [main] Trade outcome logged -> A:\gitHub\Gold-MT5\gold_trading_system_mt5\data\trade_outcomes.csv
2026-08-24 18:35:33,936 INFO    [main] Trade outcome logged -> A:\gitHub\Gold-MT5\gold_trading_system_mt5\data\trade_outcomes.csv
2026-08-24 18:35:33,937 INFO    [main] Trade outcome logged -> A:\gitHub\Gold-MT5\gold_trading_system_mt5\data\trade_outcomes.csv
2026-08-24 18:35:33,937 INFO    [main] Trade outcome logged -> A:\gitHub\Gold-MT5\gold_trading_system_mt5\data\trade_outcomes.csv
2026-08-24 18:35:33,939 INFO    [mt5_signal_bridge] MT5 signal written -> A:\gitHub\Gold-MT5\gold_trading_system_mt5\data\mt5_signal.txt (direction=NEUTRAL, conf=0.0)
2026-08-24 18:35:33,939 INFO    [main] MT5 SIGNAL BRIDGE -> OK -> mt5_signal.txt
2026-08-24 18:35:33,940 INFO    [main] Decision logged -> A:\gitHub\Gold-MT5\gold_trading_system_mt5\data\decisions_log.csv
2026-08-24 18:36:33,945 INFO    [step5_monitoring] STEP 5: --- loop iteration 18 ---
2026-08-24 18:36:33,950 INFO    [main] ======================================================================
2026-08-24 18:36:33,950 INFO    [main] GOLD TRADING SYSTEM — pipeline start (trade=XAUUSD, timeframe=M1, source=mt5)
2026-08-24 18:36:33,973 INFO    [data_providers] MT5 provider connected (symbol=XAUUSD, demo/live via terminal)
2026-08-24 18:36:33,973 WARNING [data_providers] MT5: no tick for XAUUSD (is the symbol in Market Watch?)
2026-08-24 18:36:34,975 INFO    [data_providers] MT5 provider: 0 ticks, 0 book updates for XAUUSD (spread 0.000%, H1/M15/M5 bars 0/0/0)
2026-08-24 18:36:34,976 INFO    [step1_data_acquisition] STEP 1: acquired mt5 data for XAUUSD (0 ticks)
2026-08-24 18:36:34,976 INFO    [main] STEP 1  DATA ACQUISITION -> OK (mt5, data=XAUUSD -> trade=XAUUSD, has_data=False)
2026-08-24 18:36:34,990 INFO    [step2_market_analysis] analyze_market() -> NEUTRAL (strength=0.62, confidence=30.81, news=WARNING)
2026-08-24 18:36:34,996 INFO    [main] STEP 2: snapshot saved -> A:\gitHub\Gold-MT5\gold_trading_system_mt5\data\market_snapshot.json
2026-08-24 18:36:34,996 INFO    [main] STEP 2  MARKET ANALYSIS -> OK -> NEUTRAL (strength 0.6, confidence 30.8)
2026-08-24 18:36:34,998 INFO    [main] STEP 3  AI DECISION -> HOLD (signal 0.6 < 10, AI skipped)
2026-08-24 18:36:34,998 INFO    [main] SAFETY: FEED -> STALE/EMPTY — age 0s — no trading
2026-08-24 18:36:34,998 INFO    [step4_mt5_execution] STEP 4: SKIPPED — confidence 0.0% < 70% (decision: HOLD).
2026-08-24 18:36:34,998 INFO    [main] STEP 4  EXECUTION -> SKIPPED — confidence 0.0% below threshold 70%
2026-08-24 18:36:35,017 INFO    [step5_monitoring] STEP 5: no open trades.
2026-08-24 18:36:35,018 INFO    [main] STEP 5  MONITORING -> OK
2026-08-24 18:36:35,029 INFO    [main] Trade outcome logged -> A:\gitHub\Gold-MT5\gold_trading_system_mt5\data\trade_outcomes.csv
2026-08-24 18:36:35,030 INFO    [main] Trade outcome logged -> A:\gitHub\Gold-MT5\gold_trading_system_mt5\data\trade_outcomes.csv
2026-08-24 18:36:35,032 INFO    [main] Trade outcome logged -> A:\gitHub\Gold-MT5\gold_trading_system_mt5\data\trade_outcomes.csv
2026-08-24 18:36:35,034 INFO    [main] Trade outcome logged -> A:\gitHub\Gold-MT5\gold_trading_system_mt5\data\trade_outcomes.csv
2026-08-24 18:36:35,036 INFO    [main] Trade outcome logged -> A:\gitHub\Gold-MT5\gold_trading_system_mt5\data\trade_outcomes.csv
2026-08-24 18:36:35,036 INFO    [main] Trade outcome logged -> A:\gitHub\Gold-MT5\gold_trading_system_mt5\data\trade_outcomes.csv
2026-08-24 18:36:35,037 INFO    [main] Trade outcome logged -> A:\gitHub\Gold-MT5\gold_trading_system_mt5\data\trade_outcomes.csv
2026-08-24 18:36:35,037 INFO    [main] Trade outcome logged -> A:\gitHub\Gold-MT5\gold_trading_system_mt5\data\trade_outcomes.csv
2026-08-24 18:36:35,038 INFO    [main] Trade outcome logged -> A:\gitHub\Gold-MT5\gold_trading_system_mt5\data\trade_outcomes.csv
2026-08-24 18:36:35,039 INFO    [mt5_signal_bridge] MT5 signal written -> A:\gitHub\Gold-MT5\gold_trading_system_mt5\data\mt5_signal.txt (direction=NEUTRAL, conf=0.0)
2026-08-24 18:36:35,039 INFO    [main] MT5 SIGNAL BRIDGE -> OK -> mt5_signal.txt
2026-08-24 18:36:35,039 INFO    [main] Decision logged -> A:\gitHub\Gold-MT5\gold_trading_system_mt5\data\decisions_log.csv
2026-08-24 18:37:35,044 INFO    [step5_monitoring] STEP 5: --- loop iteration 19 ---
2026-08-24 18:37:35,047 INFO    [main] ======================================================================
2026-08-24 18:37:35,048 INFO    [main] GOLD TRADING SYSTEM — pipeline start (trade=XAUUSD, timeframe=M1, source=mt5)
2026-08-24 18:37:35,051 INFO    [data_providers] MT5 provider connected (symbol=XAUUSD, demo/live via terminal)
2026-08-24 18:37:35,051 WARNING [data_providers] MT5: no tick for XAUUSD (is the symbol in Market Watch?)
2026-08-24 18:37:36,066 INFO    [data_providers] MT5 provider: 0 ticks, 0 book updates for XAUUSD (spread 0.000%, H1/M15/M5 bars 0/0/0)
2026-08-24 18:37:36,067 INFO    [step1_data_acquisition] STEP 1: acquired mt5 data for XAUUSD (0 ticks)
2026-08-24 18:37:36,067 INFO    [main] STEP 1  DATA ACQUISITION -> OK (mt5, data=XAUUSD -> trade=XAUUSD, has_data=False)
2026-08-24 18:37:36,075 INFO    [step2_market_analysis] analyze_market() -> NEUTRAL (strength=0.62, confidence=30.81, news=WARNING)
2026-08-24 18:37:36,076 INFO    [main] STEP 2: snapshot saved -> A:\gitHub\Gold-MT5\gold_trading_system_mt5\data\market_snapshot.json
2026-08-24 18:37:36,076 INFO    [main] STEP 2  MARKET ANALYSIS -> OK -> NEUTRAL (strength 0.6, confidence 30.8)
2026-08-24 18:37:36,077 INFO    [main] STEP 3  AI DECISION -> HOLD (signal 0.6 < 10, AI skipped)
2026-08-24 18:37:36,077 INFO    [main] SAFETY: FEED -> STALE/EMPTY — age 0s — no trading
2026-08-24 18:37:36,077 INFO    [step4_mt5_execution] STEP 4: SKIPPED — confidence 0.0% < 70% (decision: HOLD).
2026-08-24 18:37:36,077 INFO    [main] STEP 4  EXECUTION -> SKIPPED — confidence 0.0% below threshold 70%
2026-08-24 18:37:36,093 INFO    [step5_monitoring] STEP 5: no open trades.
2026-08-24 18:37:36,093 INFO    [main] STEP 5  MONITORING -> OK
2026-08-24 18:37:36,101 INFO    [main] Trade outcome logged -> A:\gitHub\Gold-MT5\gold_trading_system_mt5\data\trade_outcomes.csv
2026-08-24 18:37:36,101 INFO    [main] Trade outcome logged -> A:\gitHub\Gold-MT5\gold_trading_system_mt5\data\trade_outcomes.csv
2026-08-24 18:37:36,101 INFO    [main] Trade outcome logged -> A:\gitHub\Gold-MT5\gold_trading_system_mt5\data\trade_outcomes.csv
2026-08-24 18:37:36,101 INFO    [main] Trade outcome logged -> A:\gitHub\Gold-MT5\gold_trading_system_mt5\data\trade_outcomes.csv
2026-08-24 18:37:36,101 INFO    [main] Trade outcome logged -> A:\gitHub\Gold-MT5\gold_trading_system_mt5\data\trade_outcomes.csv
2026-08-24 18:37:36,101 INFO    [main] Trade outcome logged -> A:\gitHub\Gold-MT5\gold_trading_system_mt5\data\trade_outcomes.csv
2026-08-24 18:37:36,101 INFO    [main] Trade outcome logged -> A:\gitHub\Gold-MT5\gold_trading_system_mt5\data\trade_outcomes.csv
2026-08-24 18:37:36,114 INFO    [main] Trade outcome logged -> A:\gitHub\Gold-MT5\gold_trading_system_mt5\data\trade_outcomes.csv
2026-08-24 18:37:36,115 INFO    [main] Trade outcome logged -> A:\gitHub\Gold-MT5\gold_trading_system_mt5\data\trade_outcomes.csv
2026-08-24 18:37:36,117 INFO    [mt5_signal_bridge] MT5 signal written -> A:\gitHub\Gold-MT5\gold_trading_system_mt5\data\mt5_signal.txt (direction=NEUTRAL, conf=0.0)
2026-08-24 18:37:36,117 INFO    [main] MT5 SIGNAL BRIDGE -> OK -> mt5_signal.txt
2026-08-24 18:37:36,119 INFO    [main] Decision logged -> A:\gitHub\Gold-MT5\gold_trading_system_mt5\data\decisions_log.csv
2026-08-24 18:38:40,190 INFO    [main] Credentials: {'databento': False, 'rithmic': False, 'gemini': True, 'mt5': False}
2026-08-24 18:38:40,190 INFO    [main] Credentials: {'databento': False, 'rithmic': False, 'gemini': True, 'mt5': False}
2026-08-24 18:38:40,344 INFO    [step5_monitoring] STEP 5: starting monitoring loop (every 60s). Ctrl-C to stop.
2026-08-24 18:38:40,344 INFO    [step5_monitoring] STEP 5: --- loop iteration 1 ---
2026-08-24 18:38:40,347 INFO    [main] ======================================================================
2026-08-24 18:38:40,347 INFO    [main] GOLD TRADING SYSTEM — pipeline start (trade=XAUUSD+, timeframe=M1, source=mt5)
2026-08-24 18:38:40,372 INFO    [data_providers] MT5 provider connected (symbol=XAUUSD+, demo/live via terminal)
2026-08-24 18:38:41,938 INFO    [data_providers] MT5 provider: 50 ticks, 0 book updates for XAUUSD+ (spread 0.002%, H1/M15/M5 bars 60/60/100)
2026-08-24 18:38:41,938 INFO    [step1_data_acquisition] STEP 1: acquired mt5 data for XAUUSD+ (50 ticks)
2026-08-24 18:38:41,938 INFO    [main] STEP 1  DATA ACQUISITION -> OK (mt5, data=XAUUSD+ -> trade=XAUUSD+, has_data=True)
2026-08-24 18:38:42,772 INFO    [step2_market_analysis] analyze_market() -> BUY (strength=39.36, confidence=28.45, news=WARNING)
2026-08-24 18:38:42,779 INFO    [main] STEP 2: snapshot saved -> A:\gitHub\Gold-MT5\gold_trading_system_mt5\data\market_snapshot.json
2026-08-24 18:38:42,779 INFO    [main] STEP 2  MARKET ANALYSIS -> OK -> BUY (strength 39.4, confidence 28.4)
2026-08-24 18:38:42,795 WARNING [step3_ai_decision] STEP 3: 'google-generativeai' not installed (pip install google-generativeai) -> HOLD.
2026-08-24 18:38:42,795 INFO    [main] STEP 3  AI DECISION -> HOLD @ 0.0%
2026-08-24 18:38:42,874 INFO    [step4_mt5_execution] STEP 4: SKIPPED — confidence 0.0% < 70% (decision: HOLD).
2026-08-24 18:38:42,874 INFO    [main] STEP 4  EXECUTION -> SKIPPED — confidence 0.0% below threshold 70%
2026-08-24 18:38:42,890 INFO    [step5_monitoring] STEP 5: no open trades.
2026-08-24 18:38:42,890 INFO    [main] STEP 5  MONITORING -> OK
2026-08-24 18:38:42,900 INFO    [main] Trade outcome logged -> A:\gitHub\Gold-MT5\gold_trading_system_mt5\data\trade_outcomes.csv
2026-08-24 18:38:42,900 INFO    [main] Trade outcome logged -> A:\gitHub\Gold-MT5\gold_trading_system_mt5\data\trade_outcomes.csv
2026-08-24 18:38:42,905 INFO    [main] Trade outcome logged -> A:\gitHub\Gold-MT5\gold_trading_system_mt5\data\trade_outcomes.csv
2026-08-24 18:38:42,905 INFO    [main] Trade outcome logged -> A:\gitHub\Gold-MT5\gold_trading_system_mt5\data\trade_outcomes.csv
2026-08-24 18:38:42,905 INFO    [main] Trade outcome logged -> A:\gitHub\Gold-MT5\gold_trading_system_mt5\data\trade_outcomes.csv
2026-08-24 18:38:42,905 INFO    [main] Trade outcome logged -> A:\gitHub\Gold-MT5\gold_trading_system_mt5\data\trade_outcomes.csv
2026-08-24 18:38:42,905 INFO    [main] Trade outcome logged -> A:\gitHub\Gold-MT5\gold_trading_system_mt5\data\trade_outcomes.csv
2026-08-24 18:38:42,905 INFO    [main] Trade outcome logged -> A:\gitHub\Gold-MT5\gold_trading_system_mt5\data\trade_outcomes.csv
2026-08-24 18:38:42,905 INFO    [main] Trade outcome logged -> A:\gitHub\Gold-MT5\gold_trading_system_mt5\data\trade_outcomes.csv
2026-08-24 18:38:42,905 INFO    [mt5_signal_bridge] MT5 signal written -> C:\Users\Jafar\AppData\Roaming\MetaQuotes\Terminal\D0E8209F77C8CF37AD8BF550E51FF075\MQL5\Files\gold_signal.txt (direction=NEUTRAL, conf=0.0)
2026-08-24 18:38:42,905 INFO    [main] MT5 SIGNAL BRIDGE -> OK -> gold_signal.txt
2026-08-24 18:38:42,905 INFO    [main] Decision logged -> A:\gitHub\Gold-MT5\gold_trading_system_mt5\data\decisions_log.csv
2026-08-24 18:39:42,924 INFO    [step5_monitoring] STEP 5: --- loop iteration 2 ---
2026-08-24 18:39:42,925 INFO    [main] ======================================================================
2026-08-24 18:39:42,925 INFO    [main] GOLD TRADING SYSTEM — pipeline start (trade=XAUUSD+, timeframe=M1, source=mt5)
2026-08-24 18:39:42,942 INFO    [data_providers] MT5 provider connected (symbol=XAUUSD+, demo/live via terminal)
2026-08-24 18:39:44,208 INFO    [data_providers] MT5 provider: 50 ticks, 0 book updates for XAUUSD+ (spread 0.002%, H1/M15/M5 bars 60/60/100)
2026-08-24 18:39:44,208 INFO    [step1_data_acquisition] STEP 1: acquired mt5 data for XAUUSD+ (50 ticks)
2026-08-24 18:39:44,208 INFO    [main] STEP 1  DATA ACQUISITION -> OK (mt5, data=XAUUSD+ -> trade=XAUUSD+, has_data=True)
2026-08-24 18:39:44,229 INFO    [step2_market_analysis] analyze_market() -> BUY (strength=40.99, confidence=29.61, news=WARNING)
2026-08-24 18:39:44,229 INFO    [main] STEP 2: snapshot saved -> A:\gitHub\Gold-MT5\gold_trading_system_mt5\data\market_snapshot.json
2026-08-24 18:39:44,229 INFO    [main] STEP 2  MARKET ANALYSIS -> OK -> BUY (strength 41.0, confidence 29.6)
2026-08-24 18:39:44,249 WARNING [step3_ai_decision] STEP 3: 'google-generativeai' not installed (pip install google-generativeai) -> HOLD.
2026-08-24 18:39:44,249 INFO    [main] STEP 3  AI DECISION -> HOLD @ 0.0%
2026-08-24 18:39:44,276 INFO    [step4_mt5_execution] STEP 4: SKIPPED — confidence 0.0% < 70% (decision: HOLD).
2026-08-24 18:39:44,276 INFO    [main] STEP 4  EXECUTION -> SKIPPED — confidence 0.0% below threshold 70%
2026-08-24 18:39:44,276 INFO    [step5_monitoring] STEP 5: no open trades.
2026-08-24 18:39:44,276 INFO    [main] STEP 5  MONITORING -> OK
2026-08-24 18:39:44,293 INFO    [main] Trade outcome logged -> A:\gitHub\Gold-MT5\gold_trading_system_mt5\data\trade_outcomes.csv
2026-08-24 18:39:44,293 INFO    [main] Trade outcome logged -> A:\gitHub\Gold-MT5\gold_trading_system_mt5\data\trade_outcomes.csv
2026-08-24 18:39:44,293 INFO    [main] Trade outcome logged -> A:\gitHub\Gold-MT5\gold_trading_system_mt5\data\trade_outcomes.csv
2026-08-24 18:39:44,293 INFO    [main] Trade outcome logged -> A:\gitHub\Gold-MT5\gold_trading_system_mt5\data\trade_outcomes.csv
2026-08-24 18:39:44,293 INFO    [main] Trade outcome logged -> A:\gitHub\Gold-MT5\gold_trading_system_mt5\data\trade_outcomes.csv
2026-08-24 18:39:44,293 INFO    [main] Trade outcome logged -> A:\gitHub\Gold-MT5\gold_trading_system_mt5\data\trade_outcomes.csv
2026-08-24 18:39:44,293 INFO    [main] Trade outcome logged -> A:\gitHub\Gold-MT5\gold_trading_system_mt5\data\trade_outcomes.csv
2026-08-24 18:39:44,293 INFO    [main] Trade outcome logged -> A:\gitHub\Gold-MT5\gold_trading_system_mt5\data\trade_outcomes.csv
2026-08-24 18:39:44,293 INFO    [main] Trade outcome logged -> A:\gitHub\Gold-MT5\gold_trading_system_mt5\data\trade_outcomes.csv
2026-08-24 18:39:44,293 INFO    [mt5_signal_bridge] MT5 signal written -> C:\Users\Jafar\AppData\Roaming\MetaQuotes\Terminal\D0E8209F77C8CF37AD8BF550E51FF075\MQL5\Files\gold_signal.txt (direction=NEUTRAL, conf=0.0)
2026-08-24 18:39:44,308 INFO    [main] MT5 SIGNAL BRIDGE -> OK -> gold_signal.txt
2026-08-24 18:39:44,308 INFO    [main] Decision logged -> A:\gitHub\Gold-MT5\gold_trading_system_mt5\data\decisions_log.csv
2026-08-24 18:40:32,161 INFO    [main] Credentials: {'databento': False, 'rithmic': False, 'gemini': True, 'mt5': False}
2026-08-24 18:40:32,161 INFO    [main] Credentials: {'databento': False, 'rithmic': False, 'gemini': True, 'mt5': False}
2026-08-24 18:40:32,295 INFO    [step5_monitoring] STEP 5: starting monitoring loop (every 60s). Ctrl-C to stop.
2026-08-24 18:40:32,295 INFO    [step5_monitoring] STEP 5: --- loop iteration 1 ---
2026-08-24 18:40:32,295 INFO    [main] ======================================================================
2026-08-24 18:40:32,295 INFO    [main] GOLD TRADING SYSTEM — pipeline start (trade=XAUUSD+, timeframe=M1, source=mt5)
2026-08-24 18:40:32,311 INFO    [data_providers] MT5 provider connected (symbol=XAUUSD+, demo/live via terminal)
2026-08-24 18:40:33,628 INFO    [data_providers] MT5 provider: 50 ticks, 0 book updates for XAUUSD+ (spread 0.002%, H1/M15/M5 bars 60/60/100)
2026-08-24 18:40:33,628 INFO    [step1_data_acquisition] STEP 1: acquired mt5 data for XAUUSD+ (50 ticks)
2026-08-24 18:40:33,628 INFO    [main] STEP 1  DATA ACQUISITION -> OK (mt5, data=XAUUSD+ -> trade=XAUUSD+, has_data=True)
2026-08-24 18:40:34,411 INFO    [step2_market_analysis] analyze_market() -> BUY (strength=17.0, confidence=18.61, news=WARNING)
2026-08-24 18:40:34,426 INFO    [main] STEP 2: snapshot saved -> A:\gitHub\Gold-MT5\gold_trading_system_mt5\data\market_snapshot.json
2026-08-24 18:40:34,426 INFO    [main] STEP 2  MARKET ANALYSIS -> OK -> BUY (strength 17.0, confidence 18.6)
2026-08-24 18:40:34,445 WARNING [step3_ai_decision] STEP 3: 'google-generativeai' not installed (pip install google-generativeai) -> HOLD.
2026-08-24 18:40:34,445 INFO    [main] STEP 3  AI DECISION -> HOLD @ 0.0%
2026-08-24 18:40:34,471 INFO    [step4_mt5_execution] STEP 4: SKIPPED — confidence 0.0% < 70% (decision: HOLD).
2026-08-24 18:40:34,471 INFO    [main] STEP 4  EXECUTION -> SKIPPED — confidence 0.0% below threshold 70%
2026-08-24 18:40:34,478 INFO    [step5_monitoring] STEP 5: no open trades.
2026-08-24 18:40:34,478 INFO    [main] STEP 5  MONITORING -> OK
2026-08-24 18:40:34,495 INFO    [main] Trade outcome logged -> A:\gitHub\Gold-MT5\gold_trading_system_mt5\data\trade_outcomes.csv
2026-08-24 18:40:34,495 INFO    [main] Trade outcome logged -> A:\gitHub\Gold-MT5\gold_trading_system_mt5\data\trade_outcomes.csv
2026-08-24 18:40:34,495 INFO    [main] Trade outcome logged -> A:\gitHub\Gold-MT5\gold_trading_system_mt5\data\trade_outcomes.csv
2026-08-24 18:40:34,495 INFO    [main] Trade outcome logged -> A:\gitHub\Gold-MT5\gold_trading_system_mt5\data\trade_outcomes.csv
2026-08-24 18:40:34,495 INFO    [main] Trade outcome logged -> A:\gitHub\Gold-MT5\gold_trading_system_mt5\data\trade_outcomes.csv
2026-08-24 18:40:34,495 INFO    [main] Trade outcome logged -> A:\gitHub\Gold-MT5\gold_trading_system_mt5\data\trade_outcomes.csv
2026-08-24 18:40:34,495 INFO    [main] Trade outcome logged -> A:\gitHub\Gold-MT5\gold_trading_system_mt5\data\trade_outcomes.csv
2026-08-24 18:40:34,495 INFO    [main] Trade outcome logged -> A:\gitHub\Gold-MT5\gold_trading_system_mt5\data\trade_outcomes.csv
2026-08-24 18:40:34,501 INFO    [main] Trade outcome logged -> A:\gitHub\Gold-MT5\gold_trading_system_mt5\data\trade_outcomes.csv
2026-08-24 18:40:34,503 INFO    [mt5_signal_bridge] MT5 signal written -> C:\Users\Jafar\AppData\Roaming\MetaQuotes\Terminal\D0E8209F77C8CF37AD8BF550E51FF075\MQL5\Files\gold_signal.txt (direction=NEUTRAL, conf=0.0)
2026-08-24 18:40:34,503 INFO    [main] MT5 SIGNAL BRIDGE -> OK -> gold_signal.txt
2026-08-24 18:40:34,503 INFO    [main] Decision logged -> A:\gitHub\Gold-MT5\gold_trading_system_mt5\data\decisions_log.csv
2026-08-24 18:41:34,510 INFO    [step5_monitoring] STEP 5: --- loop iteration 2 ---
2026-08-24 18:41:34,515 INFO    [main] ======================================================================
2026-08-24 18:41:34,515 INFO    [main] GOLD TRADING SYSTEM — pipeline start (trade=XAUUSD+, timeframe=M1, source=mt5)
2026-08-24 18:41:34,532 INFO    [data_providers] MT5 provider connected (symbol=XAUUSD+, demo/live via terminal)
2026-08-24 18:41:35,881 INFO    [data_providers] MT5 provider: 50 ticks, 0 book updates for XAUUSD+ (spread 0.002%, H1/M15/M5 bars 60/60/100)
2026-08-24 18:41:35,881 INFO    [step1_data_acquisition] STEP 1: acquired mt5 data for XAUUSD+ (50 ticks)
2026-08-24 18:41:35,894 INFO    [main] STEP 1  DATA ACQUISITION -> OK (mt5, data=XAUUSD+ -> trade=XAUUSD+, has_data=True)
2026-08-24 18:41:35,915 INFO    [step2_market_analysis] analyze_market() -> BUY (strength=34.98, confidence=26.46, news=WARNING)
2026-08-24 18:41:35,915 INFO    [main] STEP 2: snapshot saved -> A:\gitHub\Gold-MT5\gold_trading_system_mt5\data\market_snapshot.json
2026-08-24 18:41:35,915 INFO    [main] STEP 2  MARKET ANALYSIS -> OK -> BUY (strength 35.0, confidence 26.5)
2026-08-24 18:41:35,932 WARNING [step3_ai_decision] STEP 3: 'google-generativeai' not installed (pip install google-generativeai) -> HOLD.
2026-08-24 18:41:35,932 INFO    [main] STEP 3  AI DECISION -> HOLD @ 0.0%
2026-08-24 18:41:35,965 INFO    [step4_mt5_execution] STEP 4: SKIPPED — confidence 0.0% < 70% (decision: HOLD).
2026-08-24 18:41:35,965 INFO    [main] STEP 4  EXECUTION -> SKIPPED — confidence 0.0% below threshold 70%
2026-08-24 18:41:35,981 INFO    [step5_monitoring] STEP 5: no open trades.
2026-08-24 18:41:35,981 INFO    [main] STEP 5  MONITORING -> OK
2026-08-24 18:41:36,005 INFO    [main] Trade outcome logged -> A:\gitHub\Gold-MT5\gold_trading_system_mt5\data\trade_outcomes.csv
2026-08-24 18:41:36,005 INFO    [main] Trade outcome logged -> A:\gitHub\Gold-MT5\gold_trading_system_mt5\data\trade_outcomes.csv
2026-08-24 18:41:36,005 INFO    [main] Trade outcome logged -> A:\gitHub\Gold-MT5\gold_trading_system_mt5\data\trade_outcomes.csv
2026-08-24 18:41:36,005 INFO    [main] Trade outcome logged -> A:\gitHub\Gold-MT5\gold_trading_system_mt5\data\trade_outcomes.csv
2026-08-24 18:41:36,008 INFO    [main] Trade outcome logged -> A:\gitHub\Gold-MT5\gold_trading_system_mt5\data\trade_outcomes.csv
2026-08-24 18:41:36,008 INFO    [main] Trade outcome logged -> A:\gitHub\Gold-MT5\gold_trading_system_mt5\data\trade_outcomes.csv
2026-08-24 18:41:36,008 INFO    [main] Trade outcome logged -> A:\gitHub\Gold-MT5\gold_trading_system_mt5\data\trade_outcomes.csv
2026-08-24 18:41:36,008 INFO    [main] Trade outcome logged -> A:\gitHub\Gold-MT5\gold_trading_system_mt5\data\trade_outcomes.csv
2026-08-24 18:41:36,008 INFO    [main] Trade outcome logged -> A:\gitHub\Gold-MT5\gold_trading_system_mt5\data\trade_outcomes.csv
2026-08-24 18:41:36,008 INFO    [mt5_signal_bridge] MT5 signal written -> C:\Users\Jafar\AppData\Roaming\MetaQuotes\Terminal\D0E8209F77C8CF37AD8BF550E51FF075\MQL5\Files\gold_signal.txt (direction=NEUTRAL, conf=0.0)
2026-08-24 18:41:36,008 INFO    [main] MT5 SIGNAL BRIDGE -> OK -> gold_signal.txt
2026-08-24 18:41:36,015 INFO    [main] Decision logged -> A:\gitHub\Gold-MT5\gold_trading_system_mt5\data\decisions_log.csv
2026-08-24 18:42:36,021 INFO    [step5_monitoring] STEP 5: --- loop iteration 3 ---
2026-08-24 18:42:36,027 INFO    [main] ======================================================================
2026-08-24 18:42:36,027 INFO    [main] GOLD TRADING SYSTEM — pipeline start (trade=XAUUSD+, timeframe=M1, source=mt5)
2026-08-24 18:42:36,043 INFO    [data_providers] MT5 provider connected (symbol=XAUUSD+, demo/live via terminal)
2026-08-24 18:42:37,419 INFO    [data_providers] MT5 provider: 50 ticks, 0 book updates for XAUUSD+ (spread 0.002%, H1/M15/M5 bars 60/60/100)
2026-08-24 18:42:37,419 INFO    [step1_data_acquisition] STEP 1: acquired mt5 data for XAUUSD+ (50 ticks)
2026-08-24 18:42:37,419 INFO    [main] STEP 1  DATA ACQUISITION -> OK (mt5, data=XAUUSD+ -> trade=XAUUSD+, has_data=True)
2026-08-24 18:42:37,433 INFO    [step2_market_analysis] analyze_market() -> BUY (strength=30.97, confidence=24.83, news=WARNING)
2026-08-24 18:42:37,435 INFO    [main] STEP 2: snapshot saved -> A:\gitHub\Gold-MT5\gold_trading_system_mt5\data\market_snapshot.json
2026-08-24 18:42:37,435 INFO    [main] STEP 2  MARKET ANALYSIS -> OK -> BUY (strength 31.0, confidence 24.8)
2026-08-24 18:42:37,440 WARNING [step3_ai_decision] STEP 3: 'google-generativeai' not installed (pip install google-generativeai) -> HOLD.
2026-08-24 18:42:37,440 INFO    [main] STEP 3  AI DECISION -> HOLD @ 0.0%
2026-08-24 18:42:37,463 INFO    [step4_mt5_execution] STEP 4: SKIPPED — confidence 0.0% < 70% (decision: HOLD).
2026-08-24 18:42:37,463 INFO    [main] STEP 4  EXECUTION -> SKIPPED — confidence 0.0% below threshold 70%
2026-08-24 18:42:37,479 INFO    [step5_monitoring] STEP 5: no open trades.
2026-08-24 18:42:37,479 INFO    [main] STEP 5  MONITORING -> OK
2026-08-24 18:42:37,496 INFO    [main] Trade outcome logged -> A:\gitHub\Gold-MT5\gold_trading_system_mt5\data\trade_outcomes.csv
2026-08-24 18:42:37,496 INFO    [main] Trade outcome logged -> A:\gitHub\Gold-MT5\gold_trading_system_mt5\data\trade_outcomes.csv
2026-08-24 18:42:37,496 INFO    [main] Trade outcome logged -> A:\gitHub\Gold-MT5\gold_trading_system_mt5\data\trade_outcomes.csv
2026-08-24 18:42:37,502 INFO    [main] Trade outcome logged -> A:\gitHub\Gold-MT5\gold_trading_system_mt5\data\trade_outcomes.csv
2026-08-24 18:42:37,502 INFO    [main] Trade outcome logged -> A:\gitHub\Gold-MT5\gold_trading_system_mt5\data\trade_outcomes.csv
2026-08-24 18:42:37,502 INFO    [main] Trade outcome logged -> A:\gitHub\Gold-MT5\gold_trading_system_mt5\data\trade_outcomes.csv
2026-08-24 18:42:37,502 INFO    [main] Trade outcome logged -> A:\gitHub\Gold-MT5\gold_trading_system_mt5\data\trade_outcomes.csv
2026-08-24 18:42:37,502 INFO    [main] Trade outcome logged -> A:\gitHub\Gold-MT5\gold_trading_system_mt5\data\trade_outcomes.csv
2026-08-24 18:42:37,502 INFO    [main] Trade outcome logged -> A:\gitHub\Gold-MT5\gold_trading_system_mt5\data\trade_outcomes.csv
2026-08-24 18:42:37,509 INFO    [mt5_signal_bridge] MT5 signal written -> C:\Users\Jafar\AppData\Roaming\MetaQuotes\Terminal\D0E8209F77C8CF37AD8BF550E51FF075\MQL5\Files\gold_signal.txt (direction=NEUTRAL, conf=0.0)
2026-08-24 18:42:37,509 INFO    [main] MT5 SIGNAL BRIDGE -> OK -> gold_signal.txt
2026-08-24 18:42:37,509 INFO    [main] Decision logged -> A:\gitHub\Gold-MT5\gold_trading_system_mt5\data\decisions_log.csv
2026-08-24 18:43:37,514 INFO    [step5_monitoring] STEP 5: --- loop iteration 4 ---
2026-08-24 18:43:37,520 INFO    [main] ======================================================================
2026-08-24 18:43:37,520 INFO    [main] GOLD TRADING SYSTEM — pipeline start (trade=XAUUSD+, timeframe=M1, source=mt5)
2026-08-24 18:43:37,539 INFO    [data_providers] MT5 provider connected (symbol=XAUUSD+, demo/live via terminal)
2026-08-24 18:43:39,095 INFO    [data_providers] MT5 provider: 50 ticks, 0 book updates for XAUUSD+ (spread 0.002%, H1/M15/M5 bars 60/60/100)
2026-08-24 18:43:39,095 INFO    [step1_data_acquisition] STEP 1: acquired mt5 data for XAUUSD+ (50 ticks)
2026-08-24 18:43:39,096 INFO    [main] STEP 1  DATA ACQUISITION -> OK (mt5, data=XAUUSD+ -> trade=XAUUSD+, has_data=True)
2026-08-24 18:43:39,128 INFO    [step2_market_analysis] analyze_market() -> NEUTRAL (strength=11.19, confidence=14.59, news=WARNING)
2026-08-24 18:43:39,131 INFO    [main] STEP 2: snapshot saved -> A:\gitHub\Gold-MT5\gold_trading_system_mt5\data\market_snapshot.json
2026-08-24 18:43:39,132 INFO    [main] STEP 2  MARKET ANALYSIS -> OK -> NEUTRAL (strength 11.2, confidence 14.6)
2026-08-24 18:43:39,143 WARNING [step3_ai_decision] STEP 3: 'google-generativeai' not installed (pip install google-generativeai) -> HOLD.
2026-08-24 18:43:39,144 INFO    [main] STEP 3  AI DECISION -> HOLD @ 0.0%
2026-08-24 18:43:39,188 INFO    [step4_mt5_execution] STEP 4: SKIPPED — confidence 0.0% < 70% (decision: HOLD).
2026-08-24 18:43:39,188 INFO    [main] STEP 4  EXECUTION -> SKIPPED — confidence 0.0% below threshold 70%
2026-08-24 18:43:39,204 INFO    [step5_monitoring] STEP 5: no open trades.
2026-08-24 18:43:39,204 INFO    [main] STEP 5  MONITORING -> OK
2026-08-24 18:43:39,227 INFO    [main] Trade outcome logged -> A:\gitHub\Gold-MT5\gold_trading_system_mt5\data\trade_outcomes.csv
2026-08-24 18:43:39,228 INFO    [main] Trade outcome logged -> A:\gitHub\Gold-MT5\gold_trading_system_mt5\data\trade_outcomes.csv
2026-08-24 18:43:39,229 INFO    [main] Trade outcome logged -> A:\gitHub\Gold-MT5\gold_trading_system_mt5\data\trade_outcomes.csv
2026-08-24 18:43:39,230 INFO    [main] Trade outcome logged -> A:\gitHub\Gold-MT5\gold_trading_system_mt5\data\trade_outcomes.csv
2026-08-24 18:43:39,231 INFO    [main] Trade outcome logged -> A:\gitHub\Gold-MT5\gold_trading_system_mt5\data\trade_outcomes.csv
2026-08-24 18:43:39,232 INFO    [main] Trade outcome logged -> A:\gitHub\Gold-MT5\gold_trading_system_mt5\data\trade_outcomes.csv
2026-08-24 18:43:39,234 INFO    [main] Trade outcome logged -> A:\gitHub\Gold-MT5\gold_trading_system_mt5\data\trade_outcomes.csv
2026-08-24 18:43:39,235 INFO    [main] Trade outcome logged -> A:\gitHub\Gold-MT5\gold_trading_system_mt5\data\trade_outcomes.csv
2026-08-24 18:43:39,237 INFO    [main] Trade outcome logged -> A:\gitHub\Gold-MT5\gold_trading_system_mt5\data\trade_outcomes.csv
2026-08-24 18:43:39,241 INFO    [mt5_signal_bridge] MT5 signal written -> C:\Users\Jafar\AppData\Roaming\MetaQuotes\Terminal\D0E8209F77C8CF37AD8BF550E51FF075\MQL5\Files\gold_signal.txt (direction=NEUTRAL, conf=0.0)
2026-08-24 18:43:39,242 INFO    [main] MT5 SIGNAL BRIDGE -> OK -> gold_signal.txt
2026-08-24 18:43:39,243 INFO    [main] Decision logged -> A:\gitHub\Gold-MT5\gold_trading_system_mt5\data\decisions_log.csv
2026-08-24 18:44:39,247 INFO    [step5_monitoring] STEP 5: --- loop iteration 5 ---
2026-08-24 18:44:39,250 INFO    [main] ======================================================================
2026-08-24 18:44:39,250 INFO    [main] GOLD TRADING SYSTEM — pipeline start (trade=XAUUSD+, timeframe=M1, source=mt5)
2026-08-24 18:44:39,262 INFO    [data_providers] MT5 provider connected (symbol=XAUUSD+, demo/live via terminal)
2026-08-24 18:44:40,862 INFO    [data_providers] MT5 provider: 50 ticks, 0 book updates for XAUUSD+ (spread 0.002%, H1/M15/M5 bars 60/60/100)
2026-08-24 18:44:40,863 INFO    [step1_data_acquisition] STEP 1: acquired mt5 data for XAUUSD+ (50 ticks)
2026-08-24 18:44:40,863 INFO    [main] STEP 1  DATA ACQUISITION -> OK (mt5, data=XAUUSD+ -> trade=XAUUSD+, has_data=True)
2026-08-24 18:44:40,893 INFO    [step2_market_analysis] analyze_market() -> BUY (strength=22.68, confidence=21.47, news=WARNING)
2026-08-24 18:44:40,902 INFO    [main] STEP 2: snapshot saved -> A:\gitHub\Gold-MT5\gold_trading_system_mt5\data\market_snapshot.json
2026-08-24 18:44:40,902 INFO    [main] STEP 2  MARKET ANALYSIS -> OK -> BUY (strength 22.7, confidence 21.5)
2026-08-24 18:44:40,921 WARNING [step3_ai_decision] STEP 3: 'google-generativeai' not installed (pip install google-generativeai) -> HOLD.
2026-08-24 18:44:40,922 INFO    [main] STEP 3  AI DECISION -> HOLD @ 0.0%
2026-08-24 18:44:40,945 INFO    [step4_mt5_execution] STEP 4: SKIPPED — confidence 0.0% < 70% (decision: HOLD).
2026-08-24 18:44:40,945 INFO    [main] STEP 4  EXECUTION -> SKIPPED — confidence 0.0% below threshold 70%
2026-08-24 18:44:40,965 INFO    [step5_monitoring] STEP 5: no open trades.
2026-08-24 18:44:40,965 INFO    [main] STEP 5  MONITORING -> OK
2026-08-24 18:44:40,988 INFO    [main] Trade outcome logged -> A:\gitHub\Gold-MT5\gold_trading_system_mt5\data\trade_outcomes.csv
2026-08-24 18:44:40,989 INFO    [main] Trade outcome logged -> A:\gitHub\Gold-MT5\gold_trading_system_mt5\data\trade_outcomes.csv
2026-08-24 18:44:40,990 INFO    [main] Trade outcome logged -> A:\gitHub\Gold-MT5\gold_trading_system_mt5\data\trade_outcomes.csv
2026-08-24 18:44:40,990 INFO    [main] Trade outcome logged -> A:\gitHub\Gold-MT5\gold_trading_system_mt5\data\trade_outcomes.csv
2026-08-24 18:44:40,990 INFO    [main] Trade outcome logged -> A:\gitHub\Gold-MT5\gold_trading_system_mt5\data\trade_outcomes.csv
2026-08-24 18:44:40,991 INFO    [main] Trade outcome logged -> A:\gitHub\Gold-MT5\gold_trading_system_mt5\data\trade_outcomes.csv
2026-08-24 18:44:40,993 INFO    [main] Trade outcome logged -> A:\gitHub\Gold-MT5\gold_trading_system_mt5\data\trade_outcomes.csv
2026-08-24 18:44:40,995 INFO    [main] Trade outcome logged -> A:\gitHub\Gold-MT5\gold_trading_system_mt5\data\trade_outcomes.csv
2026-08-24 18:44:40,996 INFO    [main] Trade outcome logged -> A:\gitHub\Gold-MT5\gold_trading_system_mt5\data\trade_outcomes.csv
2026-08-24 18:44:40,999 INFO    [mt5_signal_bridge] MT5 signal written -> C:\Users\Jafar\AppData\Roaming\MetaQuotes\Terminal\D0E8209F77C8CF37AD8BF550E51FF075\MQL5\Files\gold_signal.txt (direction=NEUTRAL, conf=0.0)
2026-08-24 18:44:40,999 INFO    [main] MT5 SIGNAL BRIDGE -> OK -> gold_signal.txt
2026-08-24 18:44:41,000 INFO    [main] Decision logged -> A:\gitHub\Gold-MT5\gold_trading_system_mt5\data\decisions_log.csv
2026-08-24 18:45:41,005 INFO    [step5_monitoring] STEP 5: --- loop iteration 6 ---
2026-08-24 18:45:41,011 INFO    [main] ======================================================================
2026-08-24 18:45:41,011 INFO    [main] GOLD TRADING SYSTEM — pipeline start (trade=XAUUSD+, timeframe=M1, source=mt5)
2026-08-24 18:45:41,027 INFO    [data_providers] MT5 provider connected (symbol=XAUUSD+, demo/live via terminal)
2026-08-24 18:45:42,439 INFO    [data_providers] MT5 provider: 50 ticks, 0 book updates for XAUUSD+ (spread 0.002%, H1/M15/M5 bars 60/60/100)
2026-08-24 18:45:42,439 INFO    [step1_data_acquisition] STEP 1: acquired mt5 data for XAUUSD+ (50 ticks)
2026-08-24 18:45:42,439 INFO    [main] STEP 1  DATA ACQUISITION -> OK (mt5, data=XAUUSD+ -> trade=XAUUSD+, has_data=True)
2026-08-24 18:45:42,463 INFO    [step2_market_analysis] analyze_market() -> NEUTRAL (strength=0.0, confidence=0.0, news=BLACKOUT)
2026-08-24 18:45:42,465 INFO    [main] STEP 2: snapshot saved -> A:\gitHub\Gold-MT5\gold_trading_system_mt5\data\market_snapshot.json
2026-08-24 18:45:42,465 INFO    [main] STEP 2  MARKET ANALYSIS -> OK -> NEUTRAL (strength 0.0, confidence 0.0)
2026-08-24 18:45:42,465 INFO    [main] STEP 3  AI DECISION -> HOLD (signal 0.0 < 8, AI skipped)
2026-08-24 18:45:42,500 INFO    [step4_mt5_execution] STEP 4: SKIPPED — confidence 0.0% < 70% (decision: HOLD).
2026-08-24 18:45:42,501 INFO    [main] STEP 4  EXECUTION -> SKIPPED — confidence 0.0% below threshold 70%
2026-08-24 18:45:42,509 INFO    [step5_monitoring] STEP 5: no open trades.
2026-08-24 18:45:42,509 INFO    [main] STEP 5  MONITORING -> OK
2026-08-24 18:45:42,517 INFO    [main] Trade outcome logged -> A:\gitHub\Gold-MT5\gold_trading_system_mt5\data\trade_outcomes.csv
2026-08-24 18:45:42,523 INFO    [main] Trade outcome logged -> A:\gitHub\Gold-MT5\gold_trading_system_mt5\data\trade_outcomes.csv
2026-08-24 18:45:42,524 INFO    [main] Trade outcome logged -> A:\gitHub\Gold-MT5\gold_trading_system_mt5\data\trade_outcomes.csv
2026-08-24 18:45:42,524 INFO    [main] Trade outcome logged -> A:\gitHub\Gold-MT5\gold_trading_system_mt5\data\trade_outcomes.csv
2026-08-24 18:45:42,524 INFO    [main] Trade outcome logged -> A:\gitHub\Gold-MT5\gold_trading_system_mt5\data\trade_outcomes.csv
2026-08-24 18:45:42,524 INFO    [main] Trade outcome logged -> A:\gitHub\Gold-MT5\gold_trading_system_mt5\data\trade_outcomes.csv
2026-08-24 18:45:42,524 INFO    [main] Trade outcome logged -> A:\gitHub\Gold-MT5\gold_trading_system_mt5\data\trade_outcomes.csv
2026-08-24 18:45:42,527 INFO    [main] Trade outcome logged -> A:\gitHub\Gold-MT5\gold_trading_system_mt5\data\trade_outcomes.csv
2026-08-24 18:45:42,527 INFO    [main] Trade outcome logged -> A:\gitHub\Gold-MT5\gold_trading_system_mt5\data\trade_outcomes.csv
2026-08-24 18:45:42,529 INFO    [mt5_signal_bridge] MT5 signal written -> C:\Users\Jafar\AppData\Roaming\MetaQuotes\Terminal\D0E8209F77C8CF37AD8BF550E51FF075\MQL5\Files\gold_signal.txt (direction=NEUTRAL, conf=0.0)
2026-08-24 18:45:42,529 INFO    [main] MT5 SIGNAL BRIDGE -> OK -> gold_signal.txt
2026-08-24 18:45:42,529 INFO    [main] Decision logged -> A:\gitHub\Gold-MT5\gold_trading_system_mt5\data\decisions_log.csv
2026-08-24 18:46:42,536 INFO    [step5_monitoring] STEP 5: --- loop iteration 7 ---
2026-08-24 18:46:42,542 INFO    [main] ======================================================================
2026-08-24 18:46:42,542 INFO    [main] GOLD TRADING SYSTEM — pipeline start (trade=XAUUSD+, timeframe=M1, source=mt5)
2026-08-24 18:46:42,564 INFO    [data_providers] MT5 provider connected (symbol=XAUUSD+, demo/live via terminal)
2026-08-24 18:46:43,932 INFO    [data_providers] MT5 provider: 50 ticks, 0 book updates for XAUUSD+ (spread 0.002%, H1/M15/M5 bars 60/60/100)
2026-08-24 18:46:43,932 INFO    [step1_data_acquisition] STEP 1: acquired mt5 data for XAUUSD+ (50 ticks)
2026-08-24 18:46:43,932 INFO    [main] STEP 1  DATA ACQUISITION -> OK (mt5, data=XAUUSD+ -> trade=XAUUSD+, has_data=True)
2026-08-24 18:46:43,948 INFO    [step2_market_analysis] analyze_market() -> NEUTRAL (strength=0.0, confidence=0.0, news=BLACKOUT)
2026-08-24 18:46:43,964 INFO    [main] STEP 2: snapshot saved -> A:\gitHub\Gold-MT5\gold_trading_system_mt5\data\market_snapshot.json
2026-08-24 18:46:43,964 INFO    [main] STEP 2  MARKET ANALYSIS -> OK -> NEUTRAL (strength 0.0, confidence 0.0)
2026-08-24 18:46:43,964 INFO    [main] STEP 3  AI DECISION -> HOLD (signal 0.0 < 8, AI skipped)
2026-08-24 18:46:43,980 INFO    [step4_mt5_execution] STEP 4: SKIPPED — confidence 0.0% < 70% (decision: HOLD).
2026-08-24 18:46:43,980 INFO    [main] STEP 4  EXECUTION -> SKIPPED — confidence 0.0% below threshold 70%
2026-08-24 18:46:43,996 INFO    [step5_monitoring] STEP 5: no open trades.
2026-08-24 18:46:43,996 INFO    [main] STEP 5  MONITORING -> OK
2026-08-24 18:46:44,017 INFO    [main] Trade outcome logged -> A:\gitHub\Gold-MT5\gold_trading_system_mt5\data\trade_outcomes.csv
2026-08-24 18:46:44,017 INFO    [main] Trade outcome logged -> A:\gitHub\Gold-MT5\gold_trading_system_mt5\data\trade_outcomes.csv
2026-08-24 18:46:44,019 INFO    [main] Trade outcome logged -> A:\gitHub\Gold-MT5\gold_trading_system_mt5\data\trade_outcomes.csv
2026-08-24 18:46:44,019 INFO    [main] Trade outcome logged -> A:\gitHub\Gold-MT5\gold_trading_system_mt5\data\trade_outcomes.csv
2026-08-24 18:46:44,020 INFO    [main] Trade outcome logged -> A:\gitHub\Gold-MT5\gold_trading_system_mt5\data\trade_outcomes.csv
2026-08-24 18:46:44,020 INFO    [main] Trade outcome logged -> A:\gitHub\Gold-MT5\gold_trading_system_mt5\data\trade_outcomes.csv
2026-08-24 18:46:44,020 INFO    [main] Trade outcome logged -> A:\gitHub\Gold-MT5\gold_trading_system_mt5\data\trade_outcomes.csv
2026-08-24 18:46:44,020 INFO    [main] Trade outcome logged -> A:\gitHub\Gold-MT5\gold_trading_system_mt5\data\trade_outcomes.csv
2026-08-24 18:46:44,020 INFO    [main] Trade outcome logged -> A:\gitHub\Gold-MT5\gold_trading_system_mt5\data\trade_outcomes.csv
2026-08-24 18:46:44,028 INFO    [mt5_signal_bridge] MT5 signal written -> C:\Users\Jafar\AppData\Roaming\MetaQuotes\Terminal\D0E8209F77C8CF37AD8BF550E51FF075\MQL5\Files\gold_signal.txt (direction=NEUTRAL, conf=0.0)
2026-08-24 18:46:44,028 INFO    [main] MT5 SIGNAL BRIDGE -> OK -> gold_signal.txt
2026-08-24 18:46:44,033 INFO    [main] Decision logged -> A:\gitHub\Gold-MT5\gold_trading_system_mt5\data\decisions_log.csv
2026-08-24 18:47:44,039 INFO    [step5_monitoring] STEP 5: --- loop iteration 8 ---
2026-08-24 18:47:44,040 INFO    [main] ======================================================================
2026-08-24 18:47:44,040 INFO    [main] GOLD TRADING SYSTEM — pipeline start (trade=XAUUSD+, timeframe=M1, source=mt5)
2026-08-24 18:47:44,066 INFO    [data_providers] MT5 provider connected (symbol=XAUUSD+, demo/live via terminal)
2026-08-24 18:47:45,427 INFO    [data_providers] MT5 provider: 50 ticks, 0 book updates for XAUUSD+ (spread 0.002%, H1/M15/M5 bars 60/60/100)
2026-08-24 18:47:45,427 INFO    [step1_data_acquisition] STEP 1: acquired mt5 data for XAUUSD+ (50 ticks)
2026-08-24 18:47:45,427 INFO    [main] STEP 1  DATA ACQUISITION -> OK (mt5, data=XAUUSD+ -> trade=XAUUSD+, has_data=True)
2026-08-24 18:47:45,449 INFO    [step2_market_analysis] analyze_market() -> NEUTRAL (strength=0.0, confidence=0.0, news=BLACKOUT)
2026-08-24 18:47:45,449 INFO    [main] STEP 2: snapshot saved -> A:\gitHub\Gold-MT5\gold_trading_system_mt5\data\market_snapshot.json
2026-08-24 18:47:45,449 INFO    [main] STEP 2  MARKET ANALYSIS -> OK -> NEUTRAL (strength 0.0, confidence 0.0)
2026-08-24 18:47:45,449 INFO    [main] STEP 3  AI DECISION -> HOLD (signal 0.0 < 8, AI skipped)
2026-08-24 18:47:45,471 INFO    [step4_mt5_execution] STEP 4: SKIPPED — confidence 0.0% < 70% (decision: HOLD).
2026-08-24 18:47:45,471 INFO    [main] STEP 4  EXECUTION -> SKIPPED — confidence 0.0% below threshold 70%
2026-08-24 18:47:45,489 INFO    [step5_monitoring] STEP 5: no open trades.
2026-08-24 18:47:45,489 INFO    [main] STEP 5  MONITORING -> OK
2026-08-24 18:47:45,499 INFO    [main] Trade outcome logged -> A:\gitHub\Gold-MT5\gold_trading_system_mt5\data\trade_outcomes.csv
2026-08-24 18:47:45,499 INFO    [main] Trade outcome logged -> A:\gitHub\Gold-MT5\gold_trading_system_mt5\data\trade_outcomes.csv
2026-08-24 18:47:45,503 INFO    [main] Trade outcome logged -> A:\gitHub\Gold-MT5\gold_trading_system_mt5\data\trade_outcomes.csv
2026-08-24 18:47:45,503 INFO    [main] Trade outcome logged -> A:\gitHub\Gold-MT5\gold_trading_system_mt5\data\trade_outcomes.csv
2026-08-24 18:47:45,505 INFO    [main] Trade outcome logged -> A:\gitHub\Gold-MT5\gold_trading_system_mt5\data\trade_outcomes.csv
2026-08-24 18:47:45,505 INFO    [main] Trade outcome logged -> A:\gitHub\Gold-MT5\gold_trading_system_mt5\data\trade_outcomes.csv
2026-08-24 18:47:45,505 INFO    [main] Trade outcome logged -> A:\gitHub\Gold-MT5\gold_trading_system_mt5\data\trade_outcomes.csv
2026-08-24 18:47:45,507 INFO    [main] Trade outcome logged -> A:\gitHub\Gold-MT5\gold_trading_system_mt5\data\trade_outcomes.csv
2026-08-24 18:47:45,507 INFO    [main] Trade outcome logged -> A:\gitHub\Gold-MT5\gold_trading_system_mt5\data\trade_outcomes.csv
2026-08-24 18:47:45,509 INFO    [mt5_signal_bridge] MT5 signal written -> C:\Users\Jafar\AppData\Roaming\MetaQuotes\Terminal\D0E8209F77C8CF37AD8BF550E51FF075\MQL5\Files\gold_signal.txt (direction=NEUTRAL, conf=0.0)
2026-08-24 18:47:45,509 INFO    [main] MT5 SIGNAL BRIDGE -> OK -> gold_signal.txt
2026-08-24 18:47:45,509 INFO    [main] Decision logged -> A:\gitHub\Gold-MT5\gold_trading_system_mt5\data\decisions_log.csv
2026-08-24 18:48:45,516 INFO    [step5_monitoring] STEP 5: --- loop iteration 9 ---
2026-08-24 18:48:45,518 INFO    [main] ======================================================================
2026-08-24 18:48:45,518 INFO    [main] GOLD TRADING SYSTEM — pipeline start (trade=XAUUSD+, timeframe=M1, source=mt5)
2026-08-24 18:48:45,542 INFO    [data_providers] MT5 provider connected (symbol=XAUUSD+, demo/live via terminal)
2026-08-24 18:48:46,935 INFO    [data_providers] MT5 provider: 50 ticks, 0 book updates for XAUUSD+ (spread 0.002%, H1/M15/M5 bars 60/60/100)
2026-08-24 18:48:46,935 INFO    [step1_data_acquisition] STEP 1: acquired mt5 data for XAUUSD+ (50 ticks)
2026-08-24 18:48:46,947 INFO    [main] STEP 1  DATA ACQUISITION -> OK (mt5, data=XAUUSD+ -> trade=XAUUSD+, has_data=True)
2026-08-24 18:48:46,952 INFO    [step2_market_analysis] analyze_market() -> NEUTRAL (strength=0.0, confidence=0.0, news=BLACKOUT)
2026-08-24 18:48:46,964 INFO    [main] STEP 2: snapshot saved -> A:\gitHub\Gold-MT5\gold_trading_system_mt5\data\market_snapshot.json
2026-08-24 18:48:46,964 INFO    [main] STEP 2  MARKET ANALYSIS -> OK -> NEUTRAL (strength 0.0, confidence 0.0)
2026-08-24 18:48:46,964 INFO    [main] STEP 3  AI DECISION -> HOLD (signal 0.0 < 8, AI skipped)
2026-08-24 18:48:46,985 INFO    [step4_mt5_execution] STEP 4: SKIPPED — confidence 0.0% < 70% (decision: HOLD).
2026-08-24 18:48:46,985 INFO    [main] STEP 4  EXECUTION -> SKIPPED — confidence 0.0% below threshold 70%
2026-08-24 18:48:47,014 INFO    [step5_monitoring] STEP 5: no open trades.
2026-08-24 18:48:47,014 INFO    [main] STEP 5  MONITORING -> OK
2026-08-24 18:48:47,035 INFO    [main] Trade outcome logged -> A:\gitHub\Gold-MT5\gold_trading_system_mt5\data\trade_outcomes.csv
2026-08-24 18:48:47,035 INFO    [main] Trade outcome logged -> A:\gitHub\Gold-MT5\gold_trading_system_mt5\data\trade_outcomes.csv
2026-08-24 18:48:47,035 INFO    [main] Trade outcome logged -> A:\gitHub\Gold-MT5\gold_trading_system_mt5\data\trade_outcomes.csv
2026-08-24 18:48:47,035 INFO    [main] Trade outcome logged -> A:\gitHub\Gold-MT5\gold_trading_system_mt5\data\trade_outcomes.csv
2026-08-24 18:48:47,035 INFO    [main] Trade outcome logged -> A:\gitHub\Gold-MT5\gold_trading_system_mt5\data\trade_outcomes.csv
2026-08-24 18:48:47,035 INFO    [main] Trade outcome logged -> A:\gitHub\Gold-MT5\gold_trading_system_mt5\data\trade_outcomes.csv
2026-08-24 18:48:47,035 INFO    [main] Trade outcome logged -> A:\gitHub\Gold-MT5\gold_trading_system_mt5\data\trade_outcomes.csv
2026-08-24 18:48:47,035 INFO    [main] Trade outcome logged -> A:\gitHub\Gold-MT5\gold_trading_system_mt5\data\trade_outcomes.csv
2026-08-24 18:48:47,035 INFO    [main] Trade outcome logged -> A:\gitHub\Gold-MT5\gold_trading_system_mt5\data\trade_outcomes.csv
2026-08-24 18:48:47,043 INFO    [mt5_signal_bridge] MT5 signal written -> C:\Users\Jafar\AppData\Roaming\MetaQuotes\Terminal\D0E8209F77C8CF37AD8BF550E51FF075\MQL5\Files\gold_signal.txt (direction=NEUTRAL, conf=0.0)
2026-08-24 18:48:47,043 INFO    [main] MT5 SIGNAL BRIDGE -> OK -> gold_signal.txt
2026-08-24 18:48:47,043 INFO    [main] Decision logged -> A:\gitHub\Gold-MT5\gold_trading_system_mt5\data\decisions_log.csv
2026-08-24 18:49:47,050 INFO    [step5_monitoring] STEP 5: --- loop iteration 10 ---
2026-08-24 18:49:47,054 INFO    [main] ======================================================================
2026-08-24 18:49:47,054 INFO    [main] GOLD TRADING SYSTEM — pipeline start (trade=XAUUSD+, timeframe=M1, source=mt5)
2026-08-24 18:49:47,066 INFO    [data_providers] MT5 provider connected (symbol=XAUUSD+, demo/live via terminal)
2026-08-24 18:49:48,485 INFO    [data_providers] MT5 provider: 50 ticks, 0 book updates for XAUUSD+ (spread 0.002%, H1/M15/M5 bars 60/60/100)
2026-08-24 18:49:48,486 INFO    [step1_data_acquisition] STEP 1: acquired mt5 data for XAUUSD+ (50 ticks)
2026-08-24 18:49:48,486 INFO    [main] STEP 1  DATA ACQUISITION -> OK (mt5, data=XAUUSD+ -> trade=XAUUSD+, has_data=True)
2026-08-24 18:49:52,913 INFO    [news] news: 20 fresh headlines fetched.
2026-08-24 18:49:54,836 INFO    [macro] macro: DXY 98.97, 10Y 4.692%, VIX 15.67 (126 aligned points).
2026-08-24 18:49:54,871 INFO    [step2_market_analysis] analyze_market() -> NEUTRAL (strength=0.0, confidence=0.0, news=BLACKOUT)
2026-08-24 18:49:54,873 INFO    [main] STEP 2: snapshot saved -> A:\gitHub\Gold-MT5\gold_trading_system_mt5\data\market_snapshot.json
2026-08-24 18:49:54,873 INFO    [main] STEP 2  MARKET ANALYSIS -> OK -> NEUTRAL (strength 0.0, confidence 0.0)
2026-08-24 18:49:54,873 INFO    [main] STEP 3  AI DECISION -> HOLD (signal 0.0 < 8, AI skipped)
2026-08-24 18:49:54,905 INFO    [step4_mt5_execution] STEP 4: SKIPPED — confidence 0.0% < 70% (decision: HOLD).
2026-08-24 18:49:54,905 INFO    [main] STEP 4  EXECUTION -> SKIPPED — confidence 0.0% below threshold 70%
2026-08-24 18:49:54,931 INFO    [step5_monitoring] STEP 5: no open trades.
2026-08-24 18:49:54,931 INFO    [main] STEP 5  MONITORING -> OK
2026-08-24 18:49:54,949 INFO    [main] Trade outcome logged -> A:\gitHub\Gold-MT5\gold_trading_system_mt5\data\trade_outcomes.csv
2026-08-24 18:49:54,950 INFO    [main] Trade outcome logged -> A:\gitHub\Gold-MT5\gold_trading_system_mt5\data\trade_outcomes.csv
2026-08-24 18:49:54,951 INFO    [main] Trade outcome logged -> A:\gitHub\Gold-MT5\gold_trading_system_mt5\data\trade_outcomes.csv
2026-08-24 18:49:54,952 INFO    [main] Trade outcome logged -> A:\gitHub\Gold-MT5\gold_trading_system_mt5\data\trade_outcomes.csv
2026-08-24 18:49:54,952 INFO    [main] Trade outcome logged -> A:\gitHub\Gold-MT5\gold_trading_system_mt5\data\trade_outcomes.csv
2026-08-24 18:49:54,952 INFO    [main] Trade outcome logged -> A:\gitHub\Gold-MT5\gold_trading_system_mt5\data\trade_outcomes.csv
2026-08-24 18:49:54,955 INFO    [main] Trade outcome logged -> A:\gitHub\Gold-MT5\gold_trading_system_mt5\data\trade_outcomes.csv
2026-08-24 18:49:54,955 INFO    [main] Trade outcome logged -> A:\gitHub\Gold-MT5\gold_trading_system_mt5\data\trade_outcomes.csv
2026-08-24 18:49:54,955 INFO    [main] Trade outcome logged -> A:\gitHub\Gold-MT5\gold_trading_system_mt5\data\trade_outcomes.csv
2026-08-24 18:49:54,955 INFO    [mt5_signal_bridge] MT5 signal written -> C:\Users\Jafar\AppData\Roaming\MetaQuotes\Terminal\D0E8209F77C8CF37AD8BF550E51FF075\MQL5\Files\gold_signal.txt (direction=NEUTRAL, conf=0.0)
2026-08-24 18:49:54,955 INFO    [main] MT5 SIGNAL BRIDGE -> OK -> gold_signal.txt
2026-08-24 18:49:54,959 INFO    [main] Decision logged -> A:\gitHub\Gold-MT5\gold_trading_system_mt5\data\decisions_log.csv
2026-08-24 18:50:54,964 INFO    [step5_monitoring] STEP 5: --- loop iteration 11 ---
2026-08-24 18:50:54,969 INFO    [main] ======================================================================
2026-08-24 18:50:54,969 INFO    [main] GOLD TRADING SYSTEM — pipeline start (trade=XAUUSD+, timeframe=M1, source=mt5)
2026-08-24 18:50:54,981 INFO    [data_providers] MT5 provider connected (symbol=XAUUSD+, demo/live via terminal)
2026-08-24 18:50:56,327 INFO    [data_providers] MT5 provider: 50 ticks, 0 book updates for XAUUSD+ (spread 0.002%, H1/M15/M5 bars 60/60/100)
2026-08-24 18:50:56,328 INFO    [step1_data_acquisition] STEP 1: acquired mt5 data for XAUUSD+ (50 ticks)
2026-08-24 18:50:56,328 INFO    [main] STEP 1  DATA ACQUISITION -> OK (mt5, data=XAUUSD+ -> trade=XAUUSD+, has_data=True)
2026-08-24 18:50:56,340 INFO    [step2_market_analysis] analyze_market() -> NEUTRAL (strength=0.0, confidence=0.0, news=BLACKOUT)
2026-08-24 18:50:56,340 INFO    [main] STEP 2: snapshot saved -> A:\gitHub\Gold-MT5\gold_trading_system_mt5\data\market_snapshot.json
2026-08-24 18:50:56,340 INFO    [main] STEP 2  MARKET ANALYSIS -> OK -> NEUTRAL (strength 0.0, confidence 0.0)
2026-08-24 18:50:56,340 INFO    [main] STEP 3  AI DECISION -> HOLD (signal 0.0 < 8, AI skipped)
2026-08-24 18:50:56,366 INFO    [step4_mt5_execution] STEP 4: SKIPPED — confidence 0.0% < 70% (decision: HOLD).
2026-08-24 18:50:56,366 INFO    [main] STEP 4  EXECUTION -> SKIPPED — confidence 0.0% below threshold 70%
2026-08-24 18:50:56,382 INFO    [step5_monitoring] STEP 5: no open trades.
2026-08-24 18:50:56,382 INFO    [main] STEP 5  MONITORING -> OK
2026-08-24 18:50:56,398 INFO    [main] Trade outcome logged -> A:\gitHub\Gold-MT5\gold_trading_system_mt5\data\trade_outcomes.csv
2026-08-24 18:50:56,398 INFO    [main] Trade outcome logged -> A:\gitHub\Gold-MT5\gold_trading_system_mt5\data\trade_outcomes.csv
2026-08-24 18:50:56,404 INFO    [main] Trade outcome logged -> A:\gitHub\Gold-MT5\gold_trading_system_mt5\data\trade_outcomes.csv
2026-08-24 18:50:56,404 INFO    [main] Trade outcome logged -> A:\gitHub\Gold-MT5\gold_trading_system_mt5\data\trade_outcomes.csv
2026-08-24 18:50:56,404 INFO    [main] Trade outcome logged -> A:\gitHub\Gold-MT5\gold_trading_system_mt5\data\trade_outcomes.csv
2026-08-24 18:50:56,406 INFO    [main] Trade outcome logged -> A:\gitHub\Gold-MT5\gold_trading_system_mt5\data\trade_outcomes.csv
2026-08-24 18:50:56,406 INFO    [main] Trade outcome logged -> A:\gitHub\Gold-MT5\gold_trading_system_mt5\data\trade_outcomes.csv
2026-08-24 18:50:56,407 INFO    [main] Trade outcome logged -> A:\gitHub\Gold-MT5\gold_trading_system_mt5\data\trade_outcomes.csv
2026-08-24 18:50:56,407 INFO    [main] Trade outcome logged -> A:\gitHub\Gold-MT5\gold_trading_system_mt5\data\trade_outcomes.csv
2026-08-24 18:50:56,407 INFO    [mt5_signal_bridge] MT5 signal written -> C:\Users\Jafar\AppData\Roaming\MetaQuotes\Terminal\D0E8209F77C8CF37AD8BF550E51FF075\MQL5\Files\gold_signal.txt (direction=NEUTRAL, conf=0.0)
2026-08-24 18:50:56,407 INFO    [main] MT5 SIGNAL BRIDGE -> OK -> gold_signal.txt
2026-08-24 18:50:56,411 INFO    [main] Decision logged -> A:\gitHub\Gold-MT5\gold_trading_system_mt5\data\decisions_log.csv
2026-08-24 18:51:56,416 INFO    [step5_monitoring] STEP 5: --- loop iteration 12 ---
2026-08-24 18:51:56,416 INFO    [main] ======================================================================
2026-08-24 18:51:56,416 INFO    [main] GOLD TRADING SYSTEM — pipeline start (trade=XAUUSD+, timeframe=M1, source=mt5)
2026-08-24 18:51:56,443 INFO    [data_providers] MT5 provider connected (symbol=XAUUSD+, demo/live via terminal)
2026-08-24 18:51:57,815 INFO    [data_providers] MT5 provider: 50 ticks, 0 book updates for XAUUSD+ (spread 0.002%, H1/M15/M5 bars 60/60/100)
2026-08-24 18:51:57,815 INFO    [step1_data_acquisition] STEP 1: acquired mt5 data for XAUUSD+ (50 ticks)
2026-08-24 18:51:57,815 INFO    [main] STEP 1  DATA ACQUISITION -> OK (mt5, data=XAUUSD+ -> trade=XAUUSD+, has_data=True)
2026-08-24 18:51:57,846 INFO    [step2_market_analysis] analyze_market() -> NEUTRAL (strength=0.0, confidence=0.0, news=BLACKOUT)
2026-08-24 18:51:57,846 INFO    [main] STEP 2: snapshot saved -> A:\gitHub\Gold-MT5\gold_trading_system_mt5\data\market_snapshot.json
2026-08-24 18:51:57,846 INFO    [main] STEP 2  MARKET ANALYSIS -> OK -> NEUTRAL (strength 0.0, confidence 0.0)
2026-08-24 18:51:57,846 INFO    [main] STEP 3  AI DECISION -> HOLD (signal 0.0 < 8, AI skipped)
2026-08-24 18:51:57,894 INFO    [step4_mt5_execution] STEP 4: SKIPPED — confidence 0.0% < 70% (decision: HOLD).
2026-08-24 18:51:57,894 INFO    [main] STEP 4  EXECUTION -> SKIPPED — confidence 0.0% below threshold 70%
2026-08-24 18:51:57,916 INFO    [step5_monitoring] STEP 5: no open trades.
2026-08-24 18:51:57,916 INFO    [main] STEP 5  MONITORING -> OK
2026-08-24 18:51:57,932 INFO    [main] Trade outcome logged -> A:\gitHub\Gold-MT5\gold_trading_system_mt5\data\trade_outcomes.csv
2026-08-24 18:51:57,932 INFO    [main] Trade outcome logged -> A:\gitHub\Gold-MT5\gold_trading_system_mt5\data\trade_outcomes.csv
2026-08-24 18:51:57,932 INFO    [main] Trade outcome logged -> A:\gitHub\Gold-MT5\gold_trading_system_mt5\data\trade_outcomes.csv
2026-08-24 18:51:57,932 INFO    [main] Trade outcome logged -> A:\gitHub\Gold-MT5\gold_trading_system_mt5\data\trade_outcomes.csv
2026-08-24 18:51:57,932 INFO    [main] Trade outcome logged -> A:\gitHub\Gold-MT5\gold_trading_system_mt5\data\trade_outcomes.csv
2026-08-24 18:51:57,932 INFO    [main] Trade outcome logged -> A:\gitHub\Gold-MT5\gold_trading_system_mt5\data\trade_outcomes.csv
2026-08-24 18:51:57,932 INFO    [main] Trade outcome logged -> A:\gitHub\Gold-MT5\gold_trading_system_mt5\data\trade_outcomes.csv
2026-08-24 18:51:57,932 INFO    [main] Trade outcome logged -> A:\gitHub\Gold-MT5\gold_trading_system_mt5\data\trade_outcomes.csv
2026-08-24 18:51:57,932 INFO    [main] Trade outcome logged -> A:\gitHub\Gold-MT5\gold_trading_system_mt5\data\trade_outcomes.csv
2026-08-24 18:51:57,943 INFO    [mt5_signal_bridge] MT5 signal written -> C:\Users\Jafar\AppData\Roaming\MetaQuotes\Terminal\D0E8209F77C8CF37AD8BF550E51FF075\MQL5\Files\gold_signal.txt (direction=NEUTRAL, conf=0.0)
2026-08-24 18:51:57,943 INFO    [main] MT5 SIGNAL BRIDGE -> OK -> gold_signal.txt
2026-08-24 18:51:57,943 INFO    [main] Decision logged -> A:\gitHub\Gold-MT5\gold_trading_system_mt5\data\decisions_log.csv
2026-08-24 18:52:57,948 INFO    [step5_monitoring] STEP 5: --- loop iteration 13 ---
2026-08-24 18:52:57,951 INFO    [main] ======================================================================
2026-08-24 18:52:57,951 INFO    [main] GOLD TRADING SYSTEM — pipeline start (trade=XAUUSD+, timeframe=M1, source=mt5)
2026-08-24 18:52:57,965 INFO    [data_providers] MT5 provider connected (symbol=XAUUSD+, demo/live via terminal)
2026-08-24 18:52:59,346 INFO    [data_providers] MT5 provider: 50 ticks, 0 book updates for XAUUSD+ (spread 0.002%, H1/M15/M5 bars 60/60/100)
2026-08-24 18:52:59,346 INFO    [step1_data_acquisition] STEP 1: acquired mt5 data for XAUUSD+ (50 ticks)
2026-08-24 18:52:59,346 INFO    [main] STEP 1  DATA ACQUISITION -> OK (mt5, data=XAUUSD+ -> trade=XAUUSD+, has_data=True)
2026-08-24 18:52:59,363 INFO    [step2_market_analysis] analyze_market() -> NEUTRAL (strength=0.0, confidence=0.0, news=BLACKOUT)
2026-08-24 18:52:59,363 INFO    [main] STEP 2: snapshot saved -> A:\gitHub\Gold-MT5\gold_trading_system_mt5\data\market_snapshot.json
2026-08-24 18:52:59,363 INFO    [main] STEP 2  MARKET ANALYSIS -> OK -> NEUTRAL (strength 0.0, confidence 0.0)
2026-08-24 18:52:59,363 INFO    [main] STEP 3  AI DECISION -> HOLD (signal 0.0 < 8, AI skipped)
2026-08-24 18:52:59,379 INFO    [step4_mt5_execution] STEP 4: SKIPPED — confidence 0.0% < 70% (decision: HOLD).
2026-08-24 18:52:59,379 INFO    [main] STEP 4  EXECUTION -> SKIPPED — confidence 0.0% below threshold 70%
2026-08-24 18:52:59,396 INFO    [step5_monitoring] STEP 5: no open trades.
2026-08-24 18:52:59,396 INFO    [main] STEP 5  MONITORING -> OK
2026-08-24 18:52:59,413 INFO    [main] Trade outcome logged -> A:\gitHub\Gold-MT5\gold_trading_system_mt5\data\trade_outcomes.csv
2026-08-24 18:52:59,413 INFO    [main] Trade outcome logged -> A:\gitHub\Gold-MT5\gold_trading_system_mt5\data\trade_outcomes.csv
2026-08-24 18:52:59,424 INFO    [main] Trade outcome logged -> A:\gitHub\Gold-MT5\gold_trading_system_mt5\data\trade_outcomes.csv
2026-08-24 18:52:59,424 INFO    [main] Trade outcome logged -> A:\gitHub\Gold-MT5\gold_trading_system_mt5\data\trade_outcomes.csv
2026-08-24 18:52:59,424 INFO    [main] Trade outcome logged -> A:\gitHub\Gold-MT5\gold_trading_system_mt5\data\trade_outcomes.csv
2026-08-24 18:52:59,424 INFO    [main] Trade outcome logged -> A:\gitHub\Gold-MT5\gold_trading_system_mt5\data\trade_outcomes.csv
2026-08-24 18:52:59,424 INFO    [main] Trade outcome logged -> A:\gitHub\Gold-MT5\gold_trading_system_mt5\data\trade_outcomes.csv
2026-08-24 18:52:59,424 INFO    [main] Trade outcome logged -> A:\gitHub\Gold-MT5\gold_trading_system_mt5\data\trade_outcomes.csv
2026-08-24 18:52:59,424 INFO    [main] Trade outcome logged -> A:\gitHub\Gold-MT5\gold_trading_system_mt5\data\trade_outcomes.csv
2026-08-24 18:52:59,429 INFO    [mt5_signal_bridge] MT5 signal written -> C:\Users\Jafar\AppData\Roaming\MetaQuotes\Terminal\D0E8209F77C8CF37AD8BF550E51FF075\MQL5\Files\gold_signal.txt (direction=NEUTRAL, conf=0.0)
2026-08-24 18:52:59,429 INFO    [main] MT5 SIGNAL BRIDGE -> OK -> gold_signal.txt
2026-08-24 18:52:59,429 INFO    [main] Decision logged -> A:\gitHub\Gold-MT5\gold_trading_system_mt5\data\decisions_log.csv
2026-08-24 18:53:59,433 INFO    [step5_monitoring] STEP 5: --- loop iteration 14 ---
2026-08-24 18:53:59,437 INFO    [main] ======================================================================
2026-08-24 18:53:59,438 INFO    [main] GOLD TRADING SYSTEM — pipeline start (trade=XAUUSD+, timeframe=M1, source=mt5)
2026-08-24 18:53:59,453 INFO    [data_providers] MT5 provider connected (symbol=XAUUSD+, demo/live via terminal)
2026-08-24 18:54:00,867 INFO    [data_providers] MT5 provider: 50 ticks, 0 book updates for XAUUSD+ (spread 0.002%, H1/M15/M5 bars 60/60/100)
2026-08-24 18:54:00,867 INFO    [step1_data_acquisition] STEP 1: acquired mt5 data for XAUUSD+ (50 ticks)
2026-08-24 18:54:00,868 INFO    [main] STEP 1  DATA ACQUISITION -> OK (mt5, data=XAUUSD+ -> trade=XAUUSD+, has_data=True)
2026-08-24 18:54:00,899 INFO    [step2_market_analysis] analyze_market() -> NEUTRAL (strength=0.0, confidence=0.0, news=BLACKOUT)
2026-08-24 18:54:00,899 INFO    [main] STEP 2: snapshot saved -> A:\gitHub\Gold-MT5\gold_trading_system_mt5\data\market_snapshot.json
2026-08-24 18:54:00,899 INFO    [main] STEP 2  MARKET ANALYSIS -> OK -> NEUTRAL (strength 0.0, confidence 0.0)
2026-08-24 18:54:00,899 INFO    [main] STEP 3  AI DECISION -> HOLD (signal 0.0 < 8, AI skipped)
2026-08-24 18:54:00,932 INFO    [step4_mt5_execution] STEP 4: SKIPPED — confidence 0.0% < 70% (decision: HOLD).
2026-08-24 18:54:00,932 INFO    [main] STEP 4  EXECUTION -> SKIPPED — confidence 0.0% below threshold 70%
2026-08-24 18:54:00,950 INFO    [step5_monitoring] STEP 5: no open trades.
2026-08-24 18:54:00,950 INFO    [main] STEP 5  MONITORING -> OK
2026-08-24 18:54:00,965 INFO    [main] Trade outcome logged -> A:\gitHub\Gold-MT5\gold_trading_system_mt5\data\trade_outcomes.csv
2026-08-24 18:54:00,965 INFO    [main] Trade outcome logged -> A:\gitHub\Gold-MT5\gold_trading_system_mt5\data\trade_outcomes.csv
2026-08-24 18:54:00,965 INFO    [main] Trade outcome logged -> A:\gitHub\Gold-MT5\gold_trading_system_mt5\data\trade_outcomes.csv
2026-08-24 18:54:00,965 INFO    [main] Trade outcome logged -> A:\gitHub\Gold-MT5\gold_trading_system_mt5\data\trade_outcomes.csv
2026-08-24 18:54:00,965 INFO    [main] Trade outcome logged -> A:\gitHub\Gold-MT5\gold_trading_system_mt5\data\trade_outcomes.csv
2026-08-24 18:54:00,965 INFO    [main] Trade outcome logged -> A:\gitHub\Gold-MT5\gold_trading_system_mt5\data\trade_outcomes.csv
2026-08-24 18:54:00,965 INFO    [main] Trade outcome logged -> A:\gitHub\Gold-MT5\gold_trading_system_mt5\data\trade_outcomes.csv
2026-08-24 18:54:00,965 INFO    [main] Trade outcome logged -> A:\gitHub\Gold-MT5\gold_trading_system_mt5\data\trade_outcomes.csv
2026-08-24 18:54:00,965 INFO    [main] Trade outcome logged -> A:\gitHub\Gold-MT5\gold_trading_system_mt5\data\trade_outcomes.csv
2026-08-24 18:54:00,978 INFO    [mt5_signal_bridge] MT5 signal written -> C:\Users\Jafar\AppData\Roaming\MetaQuotes\Terminal\D0E8209F77C8CF37AD8BF550E51FF075\MQL5\Files\gold_signal.txt (direction=NEUTRAL, conf=0.0)
2026-08-24 18:54:00,978 INFO    [main] MT5 SIGNAL BRIDGE -> OK -> gold_signal.txt
2026-08-24 18:54:00,979 INFO    [main] Decision logged -> A:\gitHub\Gold-MT5\gold_trading_system_mt5\data\decisions_log.csv
2026-08-24 18:55:01,010 INFO    [step5_monitoring] STEP 5: --- loop iteration 15 ---
2026-08-24 18:55:01,044 INFO    [main] ======================================================================
2026-08-24 18:55:01,045 INFO    [main] GOLD TRADING SYSTEM — pipeline start (trade=XAUUSD+, timeframe=M1, source=mt5)
2026-08-24 18:55:01,068 INFO    [data_providers] MT5 provider connected (symbol=XAUUSD+, demo/live via terminal)
2026-08-24 18:55:02,463 INFO    [data_providers] MT5 provider: 50 ticks, 0 book updates for XAUUSD+ (spread 0.002%, H1/M15/M5 bars 60/60/100)
2026-08-24 18:55:02,465 INFO    [step1_data_acquisition] STEP 1: acquired mt5 data for XAUUSD+ (50 ticks)
2026-08-24 18:55:02,466 INFO    [main] STEP 1  DATA ACQUISITION -> OK (mt5, data=XAUUSD+ -> trade=XAUUSD+, has_data=True)
2026-08-24 18:55:02,503 INFO    [step2_market_analysis] analyze_market() -> NEUTRAL (strength=0.0, confidence=0.0, news=BLACKOUT)
2026-08-24 18:55:02,510 INFO    [main] STEP 2: snapshot saved -> A:\gitHub\Gold-MT5\gold_trading_system_mt5\data\market_snapshot.json
2026-08-24 18:55:02,512 INFO    [main] STEP 2  MARKET ANALYSIS -> OK -> NEUTRAL (strength 0.0, confidence 0.0)
2026-08-24 18:55:02,513 INFO    [main] STEP 3  AI DECISION -> HOLD (signal 0.0 < 8, AI skipped)
2026-08-24 18:55:02,553 INFO    [step4_mt5_execution] STEP 4: SKIPPED — confidence 0.0% < 70% (decision: HOLD).
2026-08-24 18:55:02,553 INFO    [main] STEP 4  EXECUTION -> SKIPPED — confidence 0.0% below threshold 70%
2026-08-24 18:55:02,577 INFO    [step5_monitoring] STEP 5: no open trades.
2026-08-24 18:55:02,577 INFO    [main] STEP 5  MONITORING -> OK
2026-08-24 18:55:02,602 INFO    [main] Trade outcome logged -> A:\gitHub\Gold-MT5\gold_trading_system_mt5\data\trade_outcomes.csv
2026-08-24 18:55:02,602 INFO    [main] Trade outcome logged -> A:\gitHub\Gold-MT5\gold_trading_system_mt5\data\trade_outcomes.csv
2026-08-24 18:55:02,602 INFO    [main] Trade outcome logged -> A:\gitHub\Gold-MT5\gold_trading_system_mt5\data\trade_outcomes.csv
2026-08-24 18:55:02,602 INFO    [main] Trade outcome logged -> A:\gitHub\Gold-MT5\gold_trading_system_mt5\data\trade_outcomes.csv
2026-08-24 18:55:02,602 INFO    [main] Trade outcome logged -> A:\gitHub\Gold-MT5\gold_trading_system_mt5\data\trade_outcomes.csv
2026-08-24 18:55:02,611 INFO    [main] Trade outcome logged -> A:\gitHub\Gold-MT5\gold_trading_system_mt5\data\trade_outcomes.csv
2026-08-24 18:55:02,612 INFO    [main] Trade outcome logged -> A:\gitHub\Gold-MT5\gold_trading_system_mt5\data\trade_outcomes.csv
2026-08-24 18:55:02,613 INFO    [main] Trade outcome logged -> A:\gitHub\Gold-MT5\gold_trading_system_mt5\data\trade_outcomes.csv
2026-08-24 18:55:02,613 INFO    [main] Trade outcome logged -> A:\gitHub\Gold-MT5\gold_trading_system_mt5\data\trade_outcomes.csv
2026-08-24 18:55:02,619 INFO    [mt5_signal_bridge] MT5 signal written -> C:\Users\Jafar\AppData\Roaming\MetaQuotes\Terminal\D0E8209F77C8CF37AD8BF550E51FF075\MQL5\Files\gold_signal.txt (direction=NEUTRAL, conf=0.0)
2026-08-24 18:55:02,621 INFO    [main] MT5 SIGNAL BRIDGE -> OK -> gold_signal.txt
2026-08-24 18:55:02,621 INFO    [main] Decision logged -> A:\gitHub\Gold-MT5\gold_trading_system_mt5\data\decisions_log.csv
2026-08-24 18:56:02,629 INFO    [step5_monitoring] STEP 5: --- loop iteration 16 ---
2026-08-24 18:56:02,632 INFO    [main] ======================================================================
2026-08-24 18:56:02,632 INFO    [main] GOLD TRADING SYSTEM — pipeline start (trade=XAUUSD+, timeframe=M1, source=mt5)
2026-08-24 18:56:02,654 INFO    [data_providers] MT5 provider connected (symbol=XAUUSD+, demo/live via terminal)
2026-08-24 18:56:04,037 INFO    [data_providers] MT5 provider: 50 ticks, 0 book updates for XAUUSD+ (spread 0.002%, H1/M15/M5 bars 60/60/100)
2026-08-24 18:56:04,037 INFO    [step1_data_acquisition] STEP 1: acquired mt5 data for XAUUSD+ (50 ticks)
2026-08-24 18:56:04,037 INFO    [main] STEP 1  DATA ACQUISITION -> OK (mt5, data=XAUUSD+ -> trade=XAUUSD+, has_data=True)
2026-08-24 18:56:04,066 INFO    [step2_market_analysis] analyze_market() -> NEUTRAL (strength=0.0, confidence=0.0, news=BLACKOUT)
2026-08-24 18:56:04,075 INFO    [main] STEP 2: snapshot saved -> A:\gitHub\Gold-MT5\gold_trading_system_mt5\data\market_snapshot.json
2026-08-24 18:56:04,075 INFO    [main] STEP 2  MARKET ANALYSIS -> OK -> NEUTRAL (strength 0.0, confidence 0.0)
2026-08-24 18:56:04,075 INFO    [main] STEP 3  AI DECISION -> HOLD (signal 0.0 < 8, AI skipped)
2026-08-24 18:56:04,104 INFO    [step4_mt5_execution] STEP 4: SKIPPED — confidence 0.0% < 70% (decision: HOLD).
2026-08-24 18:56:04,104 INFO    [main] STEP 4  EXECUTION -> SKIPPED — confidence 0.0% below threshold 70%
2026-08-24 18:56:04,114 INFO    [step5_monitoring] STEP 5: no open trades.
2026-08-24 18:56:04,114 INFO    [main] STEP 5  MONITORING -> OK
2026-08-24 18:56:04,131 INFO    [main] Trade outcome logged -> A:\gitHub\Gold-MT5\gold_trading_system_mt5\data\trade_outcomes.csv
2026-08-24 18:56:04,132 INFO    [main] Trade outcome logged -> A:\gitHub\Gold-MT5\gold_trading_system_mt5\data\trade_outcomes.csv
2026-08-24 18:56:04,133 INFO    [main] Trade outcome logged -> A:\gitHub\Gold-MT5\gold_trading_system_mt5\data\trade_outcomes.csv
2026-08-24 18:56:04,135 INFO    [main] Trade outcome logged -> A:\gitHub\Gold-MT5\gold_trading_system_mt5\data\trade_outcomes.csv
2026-08-24 18:56:04,135 INFO    [main] Trade outcome logged -> A:\gitHub\Gold-MT5\gold_trading_system_mt5\data\trade_outcomes.csv
2026-08-24 18:56:04,136 INFO    [main] Trade outcome logged -> A:\gitHub\Gold-MT5\gold_trading_system_mt5\data\trade_outcomes.csv
2026-08-24 18:56:04,136 INFO    [main] Trade outcome logged -> A:\gitHub\Gold-MT5\gold_trading_system_mt5\data\trade_outcomes.csv
2026-08-24 18:56:04,136 INFO    [main] Trade outcome logged -> A:\gitHub\Gold-MT5\gold_trading_system_mt5\data\trade_outcomes.csv
2026-08-24 18:56:04,137 INFO    [main] Trade outcome logged -> A:\gitHub\Gold-MT5\gold_trading_system_mt5\data\trade_outcomes.csv
2026-08-24 18:56:04,139 INFO    [mt5_signal_bridge] MT5 signal written -> C:\Users\Jafar\AppData\Roaming\MetaQuotes\Terminal\D0E8209F77C8CF37AD8BF550E51FF075\MQL5\Files\gold_signal.txt (direction=NEUTRAL, conf=0.0)
2026-08-24 18:56:04,139 INFO    [main] MT5 SIGNAL BRIDGE -> OK -> gold_signal.txt
2026-08-24 18:56:04,139 INFO    [main] Decision logged -> A:\gitHub\Gold-MT5\gold_trading_system_mt5\data\decisions_log.csv
2026-08-24 18:57:04,143 INFO    [step5_monitoring] STEP 5: --- loop iteration 17 ---
2026-08-24 18:57:04,143 INFO    [main] ======================================================================
2026-08-24 18:57:04,143 INFO    [main] GOLD TRADING SYSTEM — pipeline start (trade=XAUUSD+, timeframe=M1, source=mt5)
2026-08-24 18:57:04,158 INFO    [data_providers] MT5 provider connected (symbol=XAUUSD+, demo/live via terminal)
2026-08-24 18:57:05,577 INFO    [data_providers] MT5 provider: 50 ticks, 0 book updates for XAUUSD+ (spread 0.002%, H1/M15/M5 bars 60/60/100)
2026-08-24 18:57:05,577 INFO    [step1_data_acquisition] STEP 1: acquired mt5 data for XAUUSD+ (50 ticks)
2026-08-24 18:57:05,577 INFO    [main] STEP 1  DATA ACQUISITION -> OK (mt5, data=XAUUSD+ -> trade=XAUUSD+, has_data=True)
2026-08-24 18:57:05,609 INFO    [step2_market_analysis] analyze_market() -> NEUTRAL (strength=0.0, confidence=0.0, news=BLACKOUT)
2026-08-24 18:57:05,625 INFO    [main] STEP 2: snapshot saved -> A:\gitHub\Gold-MT5\gold_trading_system_mt5\data\market_snapshot.json
2026-08-24 18:57:05,627 INFO    [main] STEP 2  MARKET ANALYSIS -> OK -> NEUTRAL (strength 0.0, confidence 0.0)
2026-08-24 18:57:05,627 INFO    [main] STEP 3  AI DECISION -> HOLD (signal 0.0 < 8, AI skipped)
2026-08-24 18:57:05,657 INFO    [step4_mt5_execution] STEP 4: SKIPPED — confidence 0.0% < 70% (decision: HOLD).
2026-08-24 18:57:05,657 INFO    [main] STEP 4  EXECUTION -> SKIPPED — confidence 0.0% below threshold 70%
2026-08-24 18:57:05,673 INFO    [step5_monitoring] STEP 5: no open trades.
2026-08-24 18:57:05,673 INFO    [main] STEP 5  MONITORING -> OK
2026-08-24 18:57:05,689 INFO    [main] Trade outcome logged -> A:\gitHub\Gold-MT5\gold_trading_system_mt5\data\trade_outcomes.csv
2026-08-24 18:57:05,689 INFO    [main] Trade outcome logged -> A:\gitHub\Gold-MT5\gold_trading_system_mt5\data\trade_outcomes.csv
2026-08-24 18:57:05,689 INFO    [main] Trade outcome logged -> A:\gitHub\Gold-MT5\gold_trading_system_mt5\data\trade_outcomes.csv
2026-08-24 18:57:05,705 INFO    [main] Trade outcome logged -> A:\gitHub\Gold-MT5\gold_trading_system_mt5\data\trade_outcomes.csv
2026-08-24 18:57:05,705 INFO    [main] Trade outcome logged -> A:\gitHub\Gold-MT5\gold_trading_system_mt5\data\trade_outcomes.csv
2026-08-24 18:57:05,706 INFO    [main] Trade outcome logged -> A:\gitHub\Gold-MT5\gold_trading_system_mt5\data\trade_outcomes.csv
2026-08-24 18:57:05,707 INFO    [main] Trade outcome logged -> A:\gitHub\Gold-MT5\gold_trading_system_mt5\data\trade_outcomes.csv
2026-08-24 18:57:05,707 INFO    [main] Trade outcome logged -> A:\gitHub\Gold-MT5\gold_trading_system_mt5\data\trade_outcomes.csv
2026-08-24 18:57:05,707 INFO    [main] Trade outcome logged -> A:\gitHub\Gold-MT5\gold_trading_system_mt5\data\trade_outcomes.csv
2026-08-24 18:57:05,713 INFO    [mt5_signal_bridge] MT5 signal written -> C:\Users\Jafar\AppData\Roaming\MetaQuotes\Terminal\D0E8209F77C8CF37AD8BF550E51FF075\MQL5\Files\gold_signal.txt (direction=NEUTRAL, conf=0.0)
2026-08-24 18:57:05,713 INFO    [main] MT5 SIGNAL BRIDGE -> OK -> gold_signal.txt
2026-08-24 18:57:05,715 INFO    [main] Decision logged -> A:\gitHub\Gold-MT5\gold_trading_system_mt5\data\decisions_log.csv
2026-08-24 18:58:05,720 INFO    [step5_monitoring] STEP 5: --- loop iteration 18 ---
2026-08-24 18:58:05,725 INFO    [main] ======================================================================
2026-08-24 18:58:05,725 INFO    [main] GOLD TRADING SYSTEM — pipeline start (trade=XAUUSD+, timeframe=M1, source=mt5)
2026-08-24 18:58:05,742 INFO    [data_providers] MT5 provider connected (symbol=XAUUSD+, demo/live via terminal)
2026-08-24 18:58:07,059 INFO    [data_providers] MT5 provider: 50 ticks, 0 book updates for XAUUSD+ (spread 0.002%, H1/M15/M5 bars 60/60/100)
2026-08-24 18:58:07,072 INFO    [step1_data_acquisition] STEP 1: acquired mt5 data for XAUUSD+ (50 ticks)
2026-08-24 18:58:07,072 INFO    [main] STEP 1  DATA ACQUISITION -> OK (mt5, data=XAUUSD+ -> trade=XAUUSD+, has_data=True)
2026-08-24 18:58:07,092 INFO    [step2_market_analysis] analyze_market() -> NEUTRAL (strength=0.0, confidence=0.0, news=BLACKOUT)
2026-08-24 18:58:07,104 INFO    [main] STEP 2: snapshot saved -> A:\gitHub\Gold-MT5\gold_trading_system_mt5\data\market_snapshot.json
2026-08-24 18:58:07,104 INFO    [main] STEP 2  MARKET ANALYSIS -> OK -> NEUTRAL (strength 0.0, confidence 0.0)
2026-08-24 18:58:07,104 INFO    [main] STEP 3  AI DECISION -> HOLD (signal 0.0 < 8, AI skipped)
2026-08-24 18:58:07,125 INFO    [step4_mt5_execution] STEP 4: SKIPPED — confidence 0.0% < 70% (decision: HOLD).
2026-08-24 18:58:07,125 INFO    [main] STEP 4  EXECUTION -> SKIPPED — confidence 0.0% below threshold 70%
2026-08-24 18:58:07,143 INFO    [step5_monitoring] STEP 5: no open trades.
2026-08-24 18:58:07,143 INFO    [main] STEP 5  MONITORING -> OK
2026-08-24 18:58:07,172 INFO    [main] Trade outcome logged -> A:\gitHub\Gold-MT5\gold_trading_system_mt5\data\trade_outcomes.csv
2026-08-24 18:58:07,172 INFO    [main] Trade outcome logged -> A:\gitHub\Gold-MT5\gold_trading_system_mt5\data\trade_outcomes.csv
2026-08-24 18:58:07,172 INFO    [main] Trade outcome logged -> A:\gitHub\Gold-MT5\gold_trading_system_mt5\data\trade_outcomes.csv
2026-08-24 18:58:07,176 INFO    [main] Trade outcome logged -> A:\gitHub\Gold-MT5\gold_trading_system_mt5\data\trade_outcomes.csv
2026-08-24 18:58:07,176 INFO    [main] Trade outcome logged -> A:\gitHub\Gold-MT5\gold_trading_system_mt5\data\trade_outcomes.csv
2026-08-24 18:58:07,176 INFO    [main] Trade outcome logged -> A:\gitHub\Gold-MT5\gold_trading_system_mt5\data\trade_outcomes.csv
2026-08-24 18:58:07,178 INFO    [main] Trade outcome logged -> A:\gitHub\Gold-MT5\gold_trading_system_mt5\data\trade_outcomes.csv
2026-08-24 18:58:07,178 INFO    [main] Trade outcome logged -> A:\gitHub\Gold-MT5\gold_trading_system_mt5\data\trade_outcomes.csv
2026-08-24 18:58:07,178 INFO    [main] Trade outcome logged -> A:\gitHub\Gold-MT5\gold_trading_system_mt5\data\trade_outcomes.csv
2026-08-24 18:58:07,182 INFO    [mt5_signal_bridge] MT5 signal written -> C:\Users\Jafar\AppData\Roaming\MetaQuotes\Terminal\D0E8209F77C8CF37AD8BF550E51FF075\MQL5\Files\gold_signal.txt (direction=NEUTRAL, conf=0.0)
2026-08-24 18:58:07,182 INFO    [main] MT5 SIGNAL BRIDGE -> OK -> gold_signal.txt
2026-08-24 18:58:07,182 INFO    [main] Decision logged -> A:\gitHub\Gold-MT5\gold_trading_system_mt5\data\decisions_log.csv
2026-08-24 18:59:07,188 INFO    [step5_monitoring] STEP 5: --- loop iteration 19 ---
2026-08-24 18:59:07,192 INFO    [main] ======================================================================
2026-08-24 18:59:07,193 INFO    [main] GOLD TRADING SYSTEM — pipeline start (trade=XAUUSD+, timeframe=M1, source=mt5)
2026-08-24 18:59:07,211 INFO    [data_providers] MT5 provider connected (symbol=XAUUSD+, demo/live via terminal)
2026-08-24 18:59:08,612 INFO    [data_providers] MT5 provider: 50 ticks, 0 book updates for XAUUSD+ (spread 0.002%, H1/M15/M5 bars 60/60/100)
2026-08-24 18:59:08,612 INFO    [step1_data_acquisition] STEP 1: acquired mt5 data for XAUUSD+ (50 ticks)
2026-08-24 18:59:08,612 INFO    [main] STEP 1  DATA ACQUISITION -> OK (mt5, data=XAUUSD+ -> trade=XAUUSD+, has_data=True)
2026-08-24 18:59:08,628 INFO    [step2_market_analysis] analyze_market() -> NEUTRAL (strength=0.0, confidence=0.0, news=BLACKOUT)
2026-08-24 18:59:08,632 INFO    [main] STEP 2: snapshot saved -> A:\gitHub\Gold-MT5\gold_trading_system_mt5\data\market_snapshot.json
2026-08-24 18:59:08,632 INFO    [main] STEP 2  MARKET ANALYSIS -> OK -> NEUTRAL (strength 0.0, confidence 0.0)
2026-08-24 18:59:08,632 INFO    [main] STEP 3  AI DECISION -> HOLD (signal 0.0 < 8, AI skipped)
2026-08-24 18:59:08,648 INFO    [step4_mt5_execution] STEP 4: SKIPPED — confidence 0.0% < 70% (decision: HOLD).
2026-08-24 18:59:08,648 INFO    [main] STEP 4  EXECUTION -> SKIPPED — confidence 0.0% below threshold 70%
2026-08-24 18:59:08,664 INFO    [step5_monitoring] STEP 5: no open trades.
2026-08-24 18:59:08,664 INFO    [main] STEP 5  MONITORING -> OK
2026-08-24 18:59:08,684 INFO    [main] Trade outcome logged -> A:\gitHub\Gold-MT5\gold_trading_system_mt5\data\trade_outcomes.csv
2026-08-24 18:59:08,684 INFO    [main] Trade outcome logged -> A:\gitHub\Gold-MT5\gold_trading_system_mt5\data\trade_outcomes.csv
2026-08-24 18:59:08,684 INFO    [main] Trade outcome logged -> A:\gitHub\Gold-MT5\gold_trading_system_mt5\data\trade_outcomes.csv
2026-08-24 18:59:08,684 INFO    [main] Trade outcome logged -> A:\gitHub\Gold-MT5\gold_trading_system_mt5\data\trade_outcomes.csv
2026-08-24 18:59:08,684 INFO    [main] Trade outcome logged -> A:\gitHub\Gold-MT5\gold_trading_system_mt5\data\trade_outcomes.csv
2026-08-24 18:59:08,684 INFO    [main] Trade outcome logged -> A:\gitHub\Gold-MT5\gold_trading_system_mt5\data\trade_outcomes.csv
2026-08-24 18:59:08,684 INFO    [main] Trade outcome logged -> A:\gitHub\Gold-MT5\gold_trading_system_mt5\data\trade_outcomes.csv
2026-08-24 18:59:08,684 INFO    [main] Trade outcome logged -> A:\gitHub\Gold-MT5\gold_trading_system_mt5\data\trade_outcomes.csv
2026-08-24 18:59:08,684 INFO    [main] Trade outcome logged -> A:\gitHub\Gold-MT5\gold_trading_system_mt5\data\trade_outcomes.csv
2026-08-24 18:59:08,684 INFO    [mt5_signal_bridge] MT5 signal written -> C:\Users\Jafar\AppData\Roaming\MetaQuotes\Terminal\D0E8209F77C8CF37AD8BF550E51FF075\MQL5\Files\gold_signal.txt (direction=NEUTRAL, conf=0.0)
2026-08-24 18:59:08,684 INFO    [main] MT5 SIGNAL BRIDGE -> OK -> gold_signal.txt
2026-08-24 18:59:08,684 INFO    [main] Decision logged -> A:\gitHub\Gold-MT5\gold_trading_system_mt5\data\decisions_log.csv
2026-08-24 19:00:08,697 INFO    [step5_monitoring] STEP 5: --- loop iteration 20 ---
2026-08-24 19:00:08,701 INFO    [main] ======================================================================
2026-08-24 19:00:08,701 INFO    [main] GOLD TRADING SYSTEM — pipeline start (trade=XAUUSD+, timeframe=M1, source=mt5)
2026-08-24 19:00:08,714 INFO    [data_providers] MT5 provider connected (symbol=XAUUSD+, demo/live via terminal)
2026-08-24 19:00:10,022 INFO    [data_providers] MT5 provider: 50 ticks, 0 book updates for XAUUSD+ (spread 0.002%, H1/M15/M5 bars 60/60/100)
2026-08-24 19:00:10,037 INFO    [step1_data_acquisition] STEP 1: acquired mt5 data for XAUUSD+ (50 ticks)
2026-08-24 19:00:10,037 INFO    [main] STEP 1  DATA ACQUISITION -> OK (mt5, data=XAUUSD+ -> trade=XAUUSD+, has_data=True)
2026-08-24 19:00:10,054 INFO    [step2_market_analysis] analyze_market() -> NEUTRAL (strength=0.0, confidence=0.0, news=BLACKOUT)
2026-08-24 19:00:10,054 INFO    [main] STEP 2: snapshot saved -> A:\gitHub\Gold-MT5\gold_trading_system_mt5\data\market_snapshot.json
2026-08-24 19:00:10,054 INFO    [main] STEP 2  MARKET ANALYSIS -> OK -> NEUTRAL (strength 0.0, confidence 0.0)
2026-08-24 19:00:10,054 INFO    [main] STEP 3  AI DECISION -> HOLD (signal 0.0 < 8, AI skipped)
2026-08-24 19:00:10,102 INFO    [step4_mt5_execution] STEP 4: SKIPPED — confidence 0.0% < 70% (decision: HOLD).
2026-08-24 19:00:10,102 INFO    [main] STEP 4  EXECUTION -> SKIPPED — confidence 0.0% below threshold 70%
2026-08-24 19:00:10,118 INFO    [step5_monitoring] STEP 5: no open trades.
2026-08-24 19:00:10,118 INFO    [main] STEP 5  MONITORING -> OK
2026-08-24 19:00:10,133 INFO    [main] Trade outcome logged -> A:\gitHub\Gold-MT5\gold_trading_system_mt5\data\trade_outcomes.csv
2026-08-24 19:00:10,133 INFO    [main] Trade outcome logged -> A:\gitHub\Gold-MT5\gold_trading_system_mt5\data\trade_outcomes.csv
2026-08-24 19:00:10,133 INFO    [main] Trade outcome logged -> A:\gitHub\Gold-MT5\gold_trading_system_mt5\data\trade_outcomes.csv
2026-08-24 19:00:10,133 INFO    [main] Trade outcome logged -> A:\gitHub\Gold-MT5\gold_trading_system_mt5\data\trade_outcomes.csv
2026-08-24 19:00:10,133 INFO    [main] Trade outcome logged -> A:\gitHub\Gold-MT5\gold_trading_system_mt5\data\trade_outcomes.csv
2026-08-24 19:00:10,133 INFO    [main] Trade outcome logged -> A:\gitHub\Gold-MT5\gold_trading_system_mt5\data\trade_outcomes.csv
2026-08-24 19:00:10,133 INFO    [main] Trade outcome logged -> A:\gitHub\Gold-MT5\gold_trading_system_mt5\data\trade_outcomes.csv
2026-08-24 19:00:10,133 INFO    [main] Trade outcome logged -> A:\gitHub\Gold-MT5\gold_trading_system_mt5\data\trade_outcomes.csv
2026-08-24 19:00:10,133 INFO    [main] Trade outcome logged -> A:\gitHub\Gold-MT5\gold_trading_system_mt5\data\trade_outcomes.csv
2026-08-24 19:00:10,133 INFO    [mt5_signal_bridge] MT5 signal written -> C:\Users\Jafar\AppData\Roaming\MetaQuotes\Terminal\D0E8209F77C8CF37AD8BF550E51FF075\MQL5\Files\gold_signal.txt (direction=NEUTRAL, conf=0.0)
2026-08-24 19:00:10,133 INFO    [main] MT5 SIGNAL BRIDGE -> OK -> gold_signal.txt
2026-08-24 19:00:10,147 INFO    [main] Decision logged -> A:\gitHub\Gold-MT5\gold_trading_system_mt5\data\decisions_log.csv
2026-08-24 19:01:10,151 INFO    [step5_monitoring] STEP 5: --- loop iteration 21 ---
2026-08-24 19:01:10,155 INFO    [main] ======================================================================
2026-08-24 19:01:10,155 INFO    [main] GOLD TRADING SYSTEM — pipeline start (trade=XAUUSD+, timeframe=M1, source=mt5)
2026-08-24 19:01:10,183 INFO    [data_providers] MT5 provider connected (symbol=XAUUSD+, demo/live via terminal)
2026-08-24 19:01:11,517 INFO    [data_providers] MT5 provider: 50 ticks, 0 book updates for XAUUSD+ (spread 0.002%, H1/M15/M5 bars 60/60/100)
2026-08-24 19:01:11,517 INFO    [step1_data_acquisition] STEP 1: acquired mt5 data for XAUUSD+ (50 ticks)
2026-08-24 19:01:11,517 INFO    [main] STEP 1  DATA ACQUISITION -> OK (mt5, data=XAUUSD+ -> trade=XAUUSD+, has_data=True)
2026-08-24 19:01:11,533 INFO    [step2_market_analysis] analyze_market() -> NEUTRAL (strength=0.0, confidence=0.0, news=BLACKOUT)
2026-08-24 19:01:11,538 INFO    [main] STEP 2: snapshot saved -> A:\gitHub\Gold-MT5\gold_trading_system_mt5\data\market_snapshot.json
2026-08-24 19:01:11,540 INFO    [main] STEP 2  MARKET ANALYSIS -> OK -> NEUTRAL (strength 0.0, confidence 0.0)
2026-08-24 19:01:11,540 INFO    [main] STEP 3  AI DECISION -> HOLD (signal 0.0 < 8, AI skipped)
2026-08-24 19:01:11,557 INFO    [step4_mt5_execution] STEP 4: SKIPPED — confidence 0.0% < 70% (decision: HOLD).
2026-08-24 19:01:11,557 INFO    [main] STEP 4  EXECUTION -> SKIPPED — confidence 0.0% below threshold 70%
2026-08-24 19:01:11,572 INFO    [step5_monitoring] STEP 5: no open trades.
2026-08-24 19:01:11,572 INFO    [main] STEP 5  MONITORING -> OK
2026-08-24 19:01:11,587 INFO    [main] Trade outcome logged -> A:\gitHub\Gold-MT5\gold_trading_system_mt5\data\trade_outcomes.csv
2026-08-24 19:01:11,587 INFO    [main] Trade outcome logged -> A:\gitHub\Gold-MT5\gold_trading_system_mt5\data\trade_outcomes.csv
2026-08-24 19:01:11,587 INFO    [main] Trade outcome logged -> A:\gitHub\Gold-MT5\gold_trading_system_mt5\data\trade_outcomes.csv
2026-08-24 19:01:11,587 INFO    [main] Trade outcome logged -> A:\gitHub\Gold-MT5\gold_trading_system_mt5\data\trade_outcomes.csv
2026-08-24 19:01:11,587 INFO    [main] Trade outcome logged -> A:\gitHub\Gold-MT5\gold_trading_system_mt5\data\trade_outcomes.csv
2026-08-24 19:01:11,587 INFO    [main] Trade outcome logged -> A:\gitHub\Gold-MT5\gold_trading_system_mt5\data\trade_outcomes.csv
2026-08-24 19:01:11,587 INFO    [main] Trade outcome logged -> A:\gitHub\Gold-MT5\gold_trading_system_mt5\data\trade_outcomes.csv
2026-08-24 19:01:11,587 INFO    [main] Trade outcome logged -> A:\gitHub\Gold-MT5\gold_trading_system_mt5\data\trade_outcomes.csv
2026-08-24 19:01:11,587 INFO    [main] Trade outcome logged -> A:\gitHub\Gold-MT5\gold_trading_system_mt5\data\trade_outcomes.csv
2026-08-24 19:01:11,600 INFO    [mt5_signal_bridge] MT5 signal written -> C:\Users\Jafar\AppData\Roaming\MetaQuotes\Terminal\D0E8209F77C8CF37AD8BF550E51FF075\MQL5\Files\gold_signal.txt (direction=NEUTRAL, conf=0.0)
2026-08-24 19:01:11,602 INFO    [main] MT5 SIGNAL BRIDGE -> OK -> gold_signal.txt
2026-08-24 19:01:11,603 INFO    [main] Decision logged -> A:\gitHub\Gold-MT5\gold_trading_system_mt5\data\decisions_log.csv
2026-08-24 19:02:11,606 INFO    [step5_monitoring] STEP 5: --- loop iteration 22 ---
2026-08-24 19:02:11,611 INFO    [main] ======================================================================
2026-08-24 19:02:11,611 INFO    [main] GOLD TRADING SYSTEM — pipeline start (trade=XAUUSD+, timeframe=M1, source=mt5)
2026-08-24 19:02:11,638 INFO    [data_providers] MT5 provider connected (symbol=XAUUSD+, demo/live via terminal)
2026-08-24 19:02:13,279 INFO    [data_providers] MT5 provider: 50 ticks, 0 book updates for XAUUSD+ (spread 0.002%, H1/M15/M5 bars 60/60/100)
2026-08-24 19:02:13,281 INFO    [step1_data_acquisition] STEP 1: acquired mt5 data for XAUUSD+ (50 ticks)
2026-08-24 19:02:13,282 INFO    [main] STEP 1  DATA ACQUISITION -> OK (mt5, data=XAUUSD+ -> trade=XAUUSD+, has_data=True)
2026-08-24 19:02:13,318 INFO    [step2_market_analysis] analyze_market() -> NEUTRAL (strength=0.0, confidence=0.0, news=BLACKOUT)
2026-08-24 19:02:13,323 INFO    [main] STEP 2: snapshot saved -> A:\gitHub\Gold-MT5\gold_trading_system_mt5\data\market_snapshot.json
2026-08-24 19:02:13,323 INFO    [main] STEP 2  MARKET ANALYSIS -> OK -> NEUTRAL (strength 0.0, confidence 0.0)
2026-08-24 19:02:13,323 INFO    [main] STEP 3  AI DECISION -> HOLD (signal 0.0 < 8, AI skipped)
2026-08-24 19:02:13,350 INFO    [step4_mt5_execution] STEP 4: SKIPPED — confidence 0.0% < 70% (decision: HOLD).
2026-08-24 19:02:13,350 INFO    [main] STEP 4  EXECUTION -> SKIPPED — confidence 0.0% below threshold 70%
2026-08-24 19:02:13,376 INFO    [step5_monitoring] STEP 5: no open trades.
2026-08-24 19:02:13,377 INFO    [main] STEP 5  MONITORING -> OK
2026-08-24 19:02:13,392 INFO    [main] Trade outcome logged -> A:\gitHub\Gold-MT5\gold_trading_system_mt5\data\trade_outcomes.csv
2026-08-24 19:02:13,393 INFO    [main] Trade outcome logged -> A:\gitHub\Gold-MT5\gold_trading_system_mt5\data\trade_outcomes.csv
2026-08-24 19:02:13,394 INFO    [main] Trade outcome logged -> A:\gitHub\Gold-MT5\gold_trading_system_mt5\data\trade_outcomes.csv
2026-08-24 19:02:13,394 INFO    [main] Trade outcome logged -> A:\gitHub\Gold-MT5\gold_trading_system_mt5\data\trade_outcomes.csv
2026-08-24 19:02:13,395 INFO    [main] Trade outcome logged -> A:\gitHub\Gold-MT5\gold_trading_system_mt5\data\trade_outcomes.csv
2026-08-24 19:02:13,396 INFO    [main] Trade outcome logged -> A:\gitHub\Gold-MT5\gold_trading_system_mt5\data\trade_outcomes.csv
2026-08-24 19:02:13,396 INFO    [main] Trade outcome logged -> A:\gitHub\Gold-MT5\gold_trading_system_mt5\data\trade_outcomes.csv
2026-08-24 19:02:13,397 INFO    [main] Trade outcome logged -> A:\gitHub\Gold-MT5\gold_trading_system_mt5\data\trade_outcomes.csv
2026-08-24 19:02:13,397 INFO    [main] Trade outcome logged -> A:\gitHub\Gold-MT5\gold_trading_system_mt5\data\trade_outcomes.csv
2026-08-24 19:02:13,400 INFO    [mt5_signal_bridge] MT5 signal written -> C:\Users\Jafar\AppData\Roaming\MetaQuotes\Terminal\D0E8209F77C8CF37AD8BF550E51FF075\MQL5\Files\gold_signal.txt (direction=NEUTRAL, conf=0.0)
2026-08-24 19:02:13,401 INFO    [main] MT5 SIGNAL BRIDGE -> OK -> gold_signal.txt
2026-08-24 19:02:13,404 INFO    [main] Decision logged -> A:\gitHub\Gold-MT5\gold_trading_system_mt5\data\decisions_log.csv
2026-08-24 19:03:13,409 INFO    [step5_monitoring] STEP 5: --- loop iteration 23 ---
2026-08-24 19:03:13,413 INFO    [main] ======================================================================
2026-08-24 19:03:13,413 INFO    [main] GOLD TRADING SYSTEM — pipeline start (trade=XAUUSD+, timeframe=M1, source=mt5)
2026-08-24 19:03:13,427 INFO    [data_providers] MT5 provider connected (symbol=XAUUSD+, demo/live via terminal)
2026-08-24 19:03:14,778 INFO    [data_providers] MT5 provider: 50 ticks, 0 book updates for XAUUSD+ (spread 0.002%, H1/M15/M5 bars 60/60/100)
2026-08-24 19:03:14,779 INFO    [step1_data_acquisition] STEP 1: acquired mt5 data for XAUUSD+ (50 ticks)
2026-08-24 19:03:14,780 INFO    [main] STEP 1  DATA ACQUISITION -> OK (mt5, data=XAUUSD+ -> trade=XAUUSD+, has_data=True)
2026-08-24 19:03:14,787 INFO    [step2_market_analysis] analyze_market() -> NEUTRAL (strength=0.0, confidence=0.0, news=BLACKOUT)
2026-08-24 19:03:14,796 INFO    [main] STEP 2: snapshot saved -> A:\gitHub\Gold-MT5\gold_trading_system_mt5\data\market_snapshot.json
2026-08-24 19:03:14,796 INFO    [main] STEP 2  MARKET ANALYSIS -> OK -> NEUTRAL (strength 0.0, confidence 0.0)
2026-08-24 19:03:14,796 INFO    [main] STEP 3  AI DECISION -> HOLD (signal 0.0 < 8, AI skipped)
2026-08-24 19:03:14,821 INFO    [step4_mt5_execution] STEP 4: SKIPPED — confidence 0.0% < 70% (decision: HOLD).
2026-08-24 19:03:14,821 INFO    [main] STEP 4  EXECUTION -> SKIPPED — confidence 0.0% below threshold 70%
2026-08-24 19:03:14,837 INFO    [step5_monitoring] STEP 5: no open trades.
2026-08-24 19:03:14,837 INFO    [main] STEP 5  MONITORING -> OK
2026-08-24 19:03:14,845 INFO    [main] Trade outcome logged -> A:\gitHub\Gold-MT5\gold_trading_system_mt5\data\trade_outcomes.csv
2026-08-24 19:03:14,845 INFO    [main] Trade outcome logged -> A:\gitHub\Gold-MT5\gold_trading_system_mt5\data\trade_outcomes.csv
2026-08-24 19:03:14,845 INFO    [main] Trade outcome logged -> A:\gitHub\Gold-MT5\gold_trading_system_mt5\data\trade_outcomes.csv
2026-08-24 19:03:14,845 INFO    [main] Trade outcome logged -> A:\gitHub\Gold-MT5\gold_trading_system_mt5\data\trade_outcomes.csv
2026-08-24 19:03:14,845 INFO    [main] Trade outcome logged -> A:\gitHub\Gold-MT5\gold_trading_system_mt5\data\trade_outcomes.csv
2026-08-24 19:03:14,845 INFO    [main] Trade outcome logged -> A:\gitHub\Gold-MT5\gold_trading_system_mt5\data\trade_outcomes.csv
2026-08-24 19:03:14,845 INFO    [main] Trade outcome logged -> A:\gitHub\Gold-MT5\gold_trading_system_mt5\data\trade_outcomes.csv
2026-08-24 19:03:14,845 INFO    [main] Trade outcome logged -> A:\gitHub\Gold-MT5\gold_trading_system_mt5\data\trade_outcomes.csv
2026-08-24 19:03:14,845 INFO    [main] Trade outcome logged -> A:\gitHub\Gold-MT5\gold_trading_system_mt5\data\trade_outcomes.csv
2026-08-24 19:03:14,854 INFO    [mt5_signal_bridge] MT5 signal written -> C:\Users\Jafar\AppData\Roaming\MetaQuotes\Terminal\D0E8209F77C8CF37AD8BF550E51FF075\MQL5\Files\gold_signal.txt (direction=NEUTRAL, conf=0.0)
2026-08-24 19:03:14,854 INFO    [main] MT5 SIGNAL BRIDGE -> OK -> gold_signal.txt
2026-08-24 19:03:14,854 INFO    [main] Decision logged -> A:\gitHub\Gold-MT5\gold_trading_system_mt5\data\decisions_log.csv
2026-08-24 19:04:14,858 INFO    [step5_monitoring] STEP 5: --- loop iteration 24 ---
2026-08-24 19:04:14,864 INFO    [main] ======================================================================
2026-08-24 19:04:14,864 INFO    [main] GOLD TRADING SYSTEM — pipeline start (trade=XAUUSD+, timeframe=M1, source=mt5)
2026-08-24 19:04:14,888 INFO    [data_providers] MT5 provider connected (symbol=XAUUSD+, demo/live via terminal)
2026-08-24 19:04:16,313 INFO    [data_providers] MT5 provider: 50 ticks, 0 book updates for XAUUSD+ (spread 0.002%, H1/M15/M5 bars 60/60/100)
2026-08-24 19:04:16,313 INFO    [step1_data_acquisition] STEP 1: acquired mt5 data for XAUUSD+ (50 ticks)
2026-08-24 19:04:16,313 INFO    [main] STEP 1  DATA ACQUISITION -> OK (mt5, data=XAUUSD+ -> trade=XAUUSD+, has_data=True)
2026-08-24 19:04:16,339 INFO    [step2_market_analysis] analyze_market() -> NEUTRAL (strength=0.0, confidence=0.0, news=BLACKOUT)
2026-08-24 19:04:16,339 INFO    [main] STEP 2: snapshot saved -> A:\gitHub\Gold-MT5\gold_trading_system_mt5\data\market_snapshot.json
2026-08-24 19:04:16,339 INFO    [main] STEP 2  MARKET ANALYSIS -> OK -> NEUTRAL (strength 0.0, confidence 0.0)
2026-08-24 19:04:16,339 INFO    [main] STEP 3  AI DECISION -> HOLD (signal 0.0 < 8, AI skipped)
2026-08-24 19:04:16,361 INFO    [step4_mt5_execution] STEP 4: SKIPPED — confidence 0.0% < 70% (decision: HOLD).
2026-08-24 19:04:16,361 INFO    [main] STEP 4  EXECUTION -> SKIPPED — confidence 0.0% below threshold 70%
2026-08-24 19:04:16,377 INFO    [step5_monitoring] STEP 5: no open trades.
2026-08-24 19:04:16,377 INFO    [main] STEP 5  MONITORING -> OK
2026-08-24 19:04:16,393 INFO    [main] Trade outcome logged -> A:\gitHub\Gold-MT5\gold_trading_system_mt5\data\trade_outcomes.csv
2026-08-24 19:04:16,393 INFO    [main] Trade outcome logged -> A:\gitHub\Gold-MT5\gold_trading_system_mt5\data\trade_outcomes.csv
2026-08-24 19:04:16,393 INFO    [main] Trade outcome logged -> A:\gitHub\Gold-MT5\gold_trading_system_mt5\data\trade_outcomes.csv
2026-08-24 19:04:16,393 INFO    [main] Trade outcome logged -> A:\gitHub\Gold-MT5\gold_trading_system_mt5\data\trade_outcomes.csv
2026-08-24 19:04:16,393 INFO    [main] Trade outcome logged -> A:\gitHub\Gold-MT5\gold_trading_system_mt5\data\trade_outcomes.csv
2026-08-24 19:04:16,393 INFO    [main] Trade outcome logged -> A:\gitHub\Gold-MT5\gold_trading_system_mt5\data\trade_outcomes.csv
2026-08-24 19:04:16,393 INFO    [main] Trade outcome logged -> A:\gitHub\Gold-MT5\gold_trading_system_mt5\data\trade_outcomes.csv
2026-08-24 19:04:16,393 INFO    [main] Trade outcome logged -> A:\gitHub\Gold-MT5\gold_trading_system_mt5\data\trade_outcomes.csv
2026-08-24 19:04:16,406 INFO    [main] Trade outcome logged -> A:\gitHub\Gold-MT5\gold_trading_system_mt5\data\trade_outcomes.csv
2026-08-24 19:04:16,409 INFO    [mt5_signal_bridge] MT5 signal written -> C:\Users\Jafar\AppData\Roaming\MetaQuotes\Terminal\D0E8209F77C8CF37AD8BF550E51FF075\MQL5\Files\gold_signal.txt (direction=NEUTRAL, conf=0.0)
2026-08-24 19:04:16,409 INFO    [main] MT5 SIGNAL BRIDGE -> OK -> gold_signal.txt
2026-08-24 19:04:16,409 INFO    [main] Decision logged -> A:\gitHub\Gold-MT5\gold_trading_system_mt5\data\decisions_log.csv
2026-08-24 19:05:16,413 INFO    [step5_monitoring] STEP 5: --- loop iteration 25 ---
2026-08-24 19:05:16,417 INFO    [main] ======================================================================
2026-08-24 19:05:16,417 INFO    [main] GOLD TRADING SYSTEM — pipeline start (trade=XAUUSD+, timeframe=M1, source=mt5)
2026-08-24 19:05:16,438 INFO    [data_providers] MT5 provider connected (symbol=XAUUSD+, demo/live via terminal)
2026-08-24 19:05:17,774 INFO    [data_providers] MT5 provider: 50 ticks, 0 book updates for XAUUSD+ (spread 0.002%, H1/M15/M5 bars 60/60/100)
2026-08-24 19:05:17,775 INFO    [step1_data_acquisition] STEP 1: acquired mt5 data for XAUUSD+ (50 ticks)
2026-08-24 19:05:17,775 INFO    [main] STEP 1  DATA ACQUISITION -> OK (mt5, data=XAUUSD+ -> trade=XAUUSD+, has_data=True)
2026-08-24 19:05:22,058 INFO    [news] news: 20 fresh headlines fetched.
2026-08-24 19:05:23,841 INFO    [macro] macro: DXY 98.99, 10Y 4.696%, VIX 15.66 (127 aligned points).
2026-08-24 19:05:23,875 INFO    [step2_market_analysis] analyze_market() -> NEUTRAL (strength=0.0, confidence=0.0, news=BLACKOUT)
2026-08-24 19:05:23,891 INFO    [main] STEP 2: snapshot saved -> A:\gitHub\Gold-MT5\gold_trading_system_mt5\data\market_snapshot.json
2026-08-24 19:05:23,891 INFO    [main] STEP 2  MARKET ANALYSIS -> OK -> NEUTRAL (strength 0.0, confidence 0.0)
2026-08-24 19:05:23,891 INFO    [main] STEP 3  AI DECISION -> HOLD (signal 0.0 < 8, AI skipped)
2026-08-24 19:05:23,925 INFO    [step4_mt5_execution] STEP 4: SKIPPED — confidence 0.0% < 70% (decision: HOLD).
2026-08-24 19:05:23,925 INFO    [main] STEP 4  EXECUTION -> SKIPPED — confidence 0.0% below threshold 70%
2026-08-24 19:05:23,943 INFO    [step5_monitoring] STEP 5: no open trades.
2026-08-24 19:05:23,943 INFO    [main] STEP 5  MONITORING -> OK
2026-08-24 19:05:23,959 INFO    [main] Trade outcome logged -> A:\gitHub\Gold-MT5\gold_trading_system_mt5\data\trade_outcomes.csv
2026-08-24 19:05:23,959 INFO    [main] Trade outcome logged -> A:\gitHub\Gold-MT5\gold_trading_system_mt5\data\trade_outcomes.csv
2026-08-24 19:05:23,959 INFO    [main] Trade outcome logged -> A:\gitHub\Gold-MT5\gold_trading_system_mt5\data\trade_outcomes.csv
2026-08-24 19:05:23,959 INFO    [main] Trade outcome logged -> A:\gitHub\Gold-MT5\gold_trading_system_mt5\data\trade_outcomes.csv
2026-08-24 19:05:23,959 INFO    [main] Trade outcome logged -> A:\gitHub\Gold-MT5\gold_trading_system_mt5\data\trade_outcomes.csv
2026-08-24 19:05:23,959 INFO    [main] Trade outcome logged -> A:\gitHub\Gold-MT5\gold_trading_system_mt5\data\trade_outcomes.csv
2026-08-24 19:05:23,959 INFO    [main] Trade outcome logged -> A:\gitHub\Gold-MT5\gold_trading_system_mt5\data\trade_outcomes.csv
2026-08-24 19:05:23,959 INFO    [main] Trade outcome logged -> A:\gitHub\Gold-MT5\gold_trading_system_mt5\data\trade_outcomes.csv
2026-08-24 19:05:23,959 INFO    [main] Trade outcome logged -> A:\gitHub\Gold-MT5\gold_trading_system_mt5\data\trade_outcomes.csv
2026-08-24 19:05:23,959 INFO    [mt5_signal_bridge] MT5 signal written -> C:\Users\Jafar\AppData\Roaming\MetaQuotes\Terminal\D0E8209F77C8CF37AD8BF550E51FF075\MQL5\Files\gold_signal.txt (direction=NEUTRAL, conf=0.0)
2026-08-24 19:05:23,959 INFO    [main] MT5 SIGNAL BRIDGE -> OK -> gold_signal.txt
2026-08-24 19:05:23,974 INFO    [main] Decision logged -> A:\gitHub\Gold-MT5\gold_trading_system_mt5\data\decisions_log.csv
2026-08-24 19:06:23,978 INFO    [step5_monitoring] STEP 5: --- loop iteration 26 ---
2026-08-24 19:06:23,983 INFO    [main] ======================================================================
2026-08-24 19:06:23,983 INFO    [main] GOLD TRADING SYSTEM — pipeline start (trade=XAUUSD+, timeframe=M1, source=mt5)
2026-08-24 19:06:24,008 INFO    [data_providers] MT5 provider connected (symbol=XAUUSD+, demo/live via terminal)
2026-08-24 19:06:25,394 INFO    [data_providers] MT5 provider: 50 ticks, 0 book updates for XAUUSD+ (spread 0.002%, H1/M15/M5 bars 60/60/100)
2026-08-24 19:06:25,394 INFO    [step1_data_acquisition] STEP 1: acquired mt5 data for XAUUSD+ (50 ticks)
2026-08-24 19:06:25,394 INFO    [main] STEP 1  DATA ACQUISITION -> OK (mt5, data=XAUUSD+ -> trade=XAUUSD+, has_data=True)
2026-08-24 19:06:25,437 INFO    [step2_market_analysis] analyze_market() -> NEUTRAL (strength=0.0, confidence=0.0, news=BLACKOUT)
2026-08-24 19:06:25,440 INFO    [main] STEP 2: snapshot saved -> A:\gitHub\Gold-MT5\gold_trading_system_mt5\data\market_snapshot.json
2026-08-24 19:06:25,443 INFO    [main] STEP 2  MARKET ANALYSIS -> OK -> NEUTRAL (strength 0.0, confidence 0.0)
2026-08-24 19:06:25,443 INFO    [main] STEP 3  AI DECISION -> HOLD (signal 0.0 < 8, AI skipped)
2026-08-24 19:06:25,468 INFO    [step4_mt5_execution] STEP 4: SKIPPED — confidence 0.0% < 70% (decision: HOLD).
2026-08-24 19:06:25,468 INFO    [main] STEP 4  EXECUTION -> SKIPPED — confidence 0.0% below threshold 70%
2026-08-24 19:06:25,477 INFO    [step5_monitoring] STEP 5: no open trades.
2026-08-24 19:06:25,477 INFO    [main] STEP 5  MONITORING -> OK
2026-08-24 19:06:25,493 INFO    [main] Trade outcome logged -> A:\gitHub\Gold-MT5\gold_trading_system_mt5\data\trade_outcomes.csv
2026-08-24 19:06:25,493 INFO    [main] Trade outcome logged -> A:\gitHub\Gold-MT5\gold_trading_system_mt5\data\trade_outcomes.csv
2026-08-24 19:06:25,493 INFO    [main] Trade outcome logged -> A:\gitHub\Gold-MT5\gold_trading_system_mt5\data\trade_outcomes.csv
2026-08-24 19:06:25,493 INFO    [main] Trade outcome logged -> A:\gitHub\Gold-MT5\gold_trading_system_mt5\data\trade_outcomes.csv
2026-08-24 19:06:25,493 INFO    [main] Trade outcome logged -> A:\gitHub\Gold-MT5\gold_trading_system_mt5\data\trade_outcomes.csv
2026-08-24 19:06:25,505 INFO    [main] Trade outcome logged -> A:\gitHub\Gold-MT5\gold_trading_system_mt5\data\trade_outcomes.csv
2026-08-24 19:06:25,505 INFO    [main] Trade outcome logged -> A:\gitHub\Gold-MT5\gold_trading_system_mt5\data\trade_outcomes.csv
2026-08-24 19:06:25,505 INFO    [main] Trade outcome logged -> A:\gitHub\Gold-MT5\gold_trading_system_mt5\data\trade_outcomes.csv
2026-08-24 19:06:25,505 INFO    [main] Trade outcome logged -> A:\gitHub\Gold-MT5\gold_trading_system_mt5\data\trade_outcomes.csv
2026-08-24 19:06:25,505 INFO    [mt5_signal_bridge] MT5 signal written -> C:\Users\Jafar\AppData\Roaming\MetaQuotes\Terminal\D0E8209F77C8CF37AD8BF550E51FF075\MQL5\Files\gold_signal.txt (direction=NEUTRAL, conf=0.0)
2026-08-24 19:06:25,505 INFO    [main] MT5 SIGNAL BRIDGE -> OK -> gold_signal.txt
2026-08-24 19:06:25,510 INFO    [main] Decision logged -> A:\gitHub\Gold-MT5\gold_trading_system_mt5\data\decisions_log.csv
2026-08-24 19:07:25,514 INFO    [step5_monitoring] STEP 5: --- loop iteration 27 ---
2026-08-24 19:07:25,514 INFO    [main] ======================================================================
2026-08-24 19:07:25,514 INFO    [main] GOLD TRADING SYSTEM — pipeline start (trade=XAUUSD+, timeframe=M1, source=mt5)
2026-08-24 19:07:25,536 INFO    [data_providers] MT5 provider connected (symbol=XAUUSD+, demo/live via terminal)
2026-08-24 19:07:26,866 INFO    [data_providers] MT5 provider: 50 ticks, 0 book updates for XAUUSD+ (spread 0.002%, H1/M15/M5 bars 60/60/100)
2026-08-24 19:07:26,867 INFO    [step1_data_acquisition] STEP 1: acquired mt5 data for XAUUSD+ (50 ticks)
2026-08-24 19:07:26,867 INFO    [main] STEP 1  DATA ACQUISITION -> OK (mt5, data=XAUUSD+ -> trade=XAUUSD+, has_data=True)
2026-08-24 19:07:26,878 INFO    [step2_market_analysis] analyze_market() -> NEUTRAL (strength=0.0, confidence=0.0, news=BLACKOUT)
2026-08-24 19:07:26,886 INFO    [main] STEP 2: snapshot saved -> A:\gitHub\Gold-MT5\gold_trading_system_mt5\data\market_snapshot.json
2026-08-24 19:07:26,886 INFO    [main] STEP 2  MARKET ANALYSIS -> OK -> NEUTRAL (strength 0.0, confidence 0.0)
2026-08-24 19:07:26,886 INFO    [main] STEP 3  AI DECISION -> HOLD (signal 0.0 < 8, AI skipped)
2026-08-24 19:07:26,912 INFO    [step4_mt5_execution] STEP 4: SKIPPED — confidence 0.0% < 70% (decision: HOLD).
2026-08-24 19:07:26,912 INFO    [main] STEP 4  EXECUTION -> SKIPPED — confidence 0.0% below threshold 70%
2026-08-24 19:07:26,918 INFO    [step5_monitoring] STEP 5: no open trades.
2026-08-24 19:07:26,918 INFO    [main] STEP 5  MONITORING -> OK
2026-08-24 19:07:26,934 INFO    [main] Trade outcome logged -> A:\gitHub\Gold-MT5\gold_trading_system_mt5\data\trade_outcomes.csv
2026-08-24 19:07:26,934 INFO    [main] Trade outcome logged -> A:\gitHub\Gold-MT5\gold_trading_system_mt5\data\trade_outcomes.csv
2026-08-24 19:07:26,934 INFO    [main] Trade outcome logged -> A:\gitHub\Gold-MT5\gold_trading_system_mt5\data\trade_outcomes.csv
2026-08-24 19:07:26,934 INFO    [main] Trade outcome logged -> A:\gitHub\Gold-MT5\gold_trading_system_mt5\data\trade_outcomes.csv
2026-08-24 19:07:26,934 INFO    [main] Trade outcome logged -> A:\gitHub\Gold-MT5\gold_trading_system_mt5\data\trade_outcomes.csv
2026-08-24 19:07:26,934 INFO    [main] Trade outcome logged -> A:\gitHub\Gold-MT5\gold_trading_system_mt5\data\trade_outcomes.csv
2026-08-24 19:07:26,934 INFO    [main] Trade outcome logged -> A:\gitHub\Gold-MT5\gold_trading_system_mt5\data\trade_outcomes.csv
2026-08-24 19:07:26,934 INFO    [main] Trade outcome logged -> A:\gitHub\Gold-MT5\gold_trading_system_mt5\data\trade_outcomes.csv
2026-08-24 19:07:26,950 INFO    [main] Trade outcome logged -> A:\gitHub\Gold-MT5\gold_trading_system_mt5\data\trade_outcomes.csv
2026-08-24 19:07:26,950 INFO    [mt5_signal_bridge] MT5 signal written -> C:\Users\Jafar\AppData\Roaming\MetaQuotes\Terminal\D0E8209F77C8CF37AD8BF550E51FF075\MQL5\Files\gold_signal.txt (direction=NEUTRAL, conf=0.0)
2026-08-24 19:07:26,950 INFO    [main] MT5 SIGNAL BRIDGE -> OK -> gold_signal.txt
2026-08-24 19:07:26,950 INFO    [main] Decision logged -> A:\gitHub\Gold-MT5\gold_trading_system_mt5\data\decisions_log.csv
2026-08-24 19:08:26,956 INFO    [step5_monitoring] STEP 5: --- loop iteration 28 ---
2026-08-24 19:08:26,966 INFO    [main] ======================================================================
2026-08-24 19:08:26,968 INFO    [main] GOLD TRADING SYSTEM — pipeline start (trade=XAUUSD+, timeframe=M1, source=mt5)
2026-08-24 19:08:27,001 INFO    [data_providers] MT5 provider connected (symbol=XAUUSD+, demo/live via terminal)
2026-08-24 19:08:28,756 INFO    [data_providers] MT5 provider: 50 ticks, 0 book updates for XAUUSD+ (spread 0.002%, H1/M15/M5 bars 60/60/100)
2026-08-24 19:08:28,756 INFO    [step1_data_acquisition] STEP 1: acquired mt5 data for XAUUSD+ (50 ticks)
2026-08-24 19:08:28,760 INFO    [main] STEP 1  DATA ACQUISITION -> OK (mt5, data=XAUUSD+ -> trade=XAUUSD+, has_data=True)
2026-08-24 19:08:28,796 INFO    [step2_market_analysis] analyze_market() -> NEUTRAL (strength=0.0, confidence=0.0, news=BLACKOUT)
2026-08-24 19:08:28,801 INFO    [main] STEP 2: snapshot saved -> A:\gitHub\Gold-MT5\gold_trading_system_mt5\data\market_snapshot.json
2026-08-24 19:08:28,801 INFO    [main] STEP 2  MARKET ANALYSIS -> OK -> NEUTRAL (strength 0.0, confidence 0.0)
2026-08-24 19:08:28,801 INFO    [main] STEP 3  AI DECISION -> HOLD (signal 0.0 < 8, AI skipped)
2026-08-24 19:08:28,851 INFO    [step4_mt5_execution] STEP 4: SKIPPED — confidence 0.0% < 70% (decision: HOLD).
2026-08-24 19:08:28,851 INFO    [main] STEP 4  EXECUTION -> SKIPPED — confidence 0.0% below threshold 70%
2026-08-24 19:08:28,879 INFO    [step5_monitoring] STEP 5: no open trades.
2026-08-24 19:08:28,879 INFO    [main] STEP 5  MONITORING -> OK
2026-08-24 19:08:28,911 INFO    [main] Trade outcome logged -> A:\gitHub\Gold-MT5\gold_trading_system_mt5\data\trade_outcomes.csv
2026-08-24 19:08:28,914 INFO    [main] Trade outcome logged -> A:\gitHub\Gold-MT5\gold_trading_system_mt5\data\trade_outcomes.csv
2026-08-24 19:08:28,914 INFO    [main] Trade outcome logged -> A:\gitHub\Gold-MT5\gold_trading_system_mt5\data\trade_outcomes.csv
2026-08-24 19:08:28,916 INFO    [main] Trade outcome logged -> A:\gitHub\Gold-MT5\gold_trading_system_mt5\data\trade_outcomes.csv
2026-08-24 19:08:28,916 INFO    [main] Trade outcome logged -> A:\gitHub\Gold-MT5\gold_trading_system_mt5\data\trade_outcomes.csv
2026-08-24 19:08:28,916 INFO    [main] Trade outcome logged -> A:\gitHub\Gold-MT5\gold_trading_system_mt5\data\trade_outcomes.csv
2026-08-24 19:08:28,919 INFO    [main] Trade outcome logged -> A:\gitHub\Gold-MT5\gold_trading_system_mt5\data\trade_outcomes.csv
2026-08-24 19:08:28,921 INFO    [main] Trade outcome logged -> A:\gitHub\Gold-MT5\gold_trading_system_mt5\data\trade_outcomes.csv
2026-08-24 19:08:28,923 INFO    [main] Trade outcome logged -> A:\gitHub\Gold-MT5\gold_trading_system_mt5\data\trade_outcomes.csv
2026-08-24 19:08:28,929 INFO    [mt5_signal_bridge] MT5 signal written -> C:\Users\Jafar\AppData\Roaming\MetaQuotes\Terminal\D0E8209F77C8CF37AD8BF550E51FF075\MQL5\Files\gold_signal.txt (direction=NEUTRAL, conf=0.0)
2026-08-24 19:08:28,931 INFO    [main] MT5 SIGNAL BRIDGE -> OK -> gold_signal.txt
2026-08-24 19:08:28,931 INFO    [main] Decision logged -> A:\gitHub\Gold-MT5\gold_trading_system_mt5\data\decisions_log.csv
2026-08-24 19:09:28,935 INFO    [step5_monitoring] STEP 5: --- loop iteration 29 ---
2026-08-24 19:09:28,937 INFO    [main] ======================================================================
2026-08-24 19:09:28,938 INFO    [main] GOLD TRADING SYSTEM — pipeline start (trade=XAUUSD+, timeframe=M1, source=mt5)
2026-08-24 19:09:28,955 INFO    [data_providers] MT5 provider connected (symbol=XAUUSD+, demo/live via terminal)
2026-08-24 19:09:30,351 INFO    [data_providers] MT5 provider: 50 ticks, 0 book updates for XAUUSD+ (spread 0.002%, H1/M15/M5 bars 60/60/100)
2026-08-24 19:09:30,351 INFO    [step1_data_acquisition] STEP 1: acquired mt5 data for XAUUSD+ (50 ticks)
2026-08-24 19:09:30,351 INFO    [main] STEP 1  DATA ACQUISITION -> OK (mt5, data=XAUUSD+ -> trade=XAUUSD+, has_data=True)
2026-08-24 19:09:30,366 INFO    [step2_market_analysis] analyze_market() -> NEUTRAL (strength=0.0, confidence=0.0, news=BLACKOUT)
2026-08-24 19:09:30,366 INFO    [main] STEP 2: snapshot saved -> A:\gitHub\Gold-MT5\gold_trading_system_mt5\data\market_snapshot.json
2026-08-24 19:09:30,366 INFO    [main] STEP 2  MARKET ANALYSIS -> OK -> NEUTRAL (strength 0.0, confidence 0.0)
2026-08-24 19:09:30,366 INFO    [main] STEP 3  AI DECISION -> HOLD (signal 0.0 < 8, AI skipped)
2026-08-24 19:09:30,384 INFO    [step4_mt5_execution] STEP 4: SKIPPED — confidence 0.0% < 70% (decision: HOLD).
2026-08-24 19:09:30,384 INFO    [main] STEP 4  EXECUTION -> SKIPPED — confidence 0.0% below threshold 70%
2026-08-24 19:09:30,399 INFO    [step5_monitoring] STEP 5: no open trades.
2026-08-24 19:09:30,399 INFO    [main] STEP 5  MONITORING -> OK
2026-08-24 19:09:30,416 INFO    [main] Trade outcome logged -> A:\gitHub\Gold-MT5\gold_trading_system_mt5\data\trade_outcomes.csv
2026-08-24 19:09:30,416 INFO    [main] Trade outcome logged -> A:\gitHub\Gold-MT5\gold_trading_system_mt5\data\trade_outcomes.csv
2026-08-24 19:09:30,416 INFO    [main] Trade outcome logged -> A:\gitHub\Gold-MT5\gold_trading_system_mt5\data\trade_outcomes.csv
2026-08-24 19:09:30,416 INFO    [main] Trade outcome logged -> A:\gitHub\Gold-MT5\gold_trading_system_mt5\data\trade_outcomes.csv
2026-08-24 19:09:30,430 INFO    [main] Trade outcome logged -> A:\gitHub\Gold-MT5\gold_trading_system_mt5\data\trade_outcomes.csv
2026-08-24 19:09:30,431 INFO    [main] Trade outcome logged -> A:\gitHub\Gold-MT5\gold_trading_system_mt5\data\trade_outcomes.csv
2026-08-24 19:09:30,431 INFO    [main] Trade outcome logged -> A:\gitHub\Gold-MT5\gold_trading_system_mt5\data\trade_outcomes.csv
2026-08-24 19:09:30,431 INFO    [main] Trade outcome logged -> A:\gitHub\Gold-MT5\gold_trading_system_mt5\data\trade_outcomes.csv
2026-08-24 19:09:30,433 INFO    [main] Trade outcome logged -> A:\gitHub\Gold-MT5\gold_trading_system_mt5\data\trade_outcomes.csv
2026-08-24 19:09:30,436 INFO    [mt5_signal_bridge] MT5 signal written -> C:\Users\Jafar\AppData\Roaming\MetaQuotes\Terminal\D0E8209F77C8CF37AD8BF550E51FF075\MQL5\Files\gold_signal.txt (direction=NEUTRAL, conf=0.0)
2026-08-24 19:09:30,437 INFO    [main] MT5 SIGNAL BRIDGE -> OK -> gold_signal.txt
2026-08-24 19:09:30,438 INFO    [main] Decision logged -> A:\gitHub\Gold-MT5\gold_trading_system_mt5\data\decisions_log.csv
2026-08-24 19:10:30,442 INFO    [step5_monitoring] STEP 5: --- loop iteration 30 ---
2026-08-24 19:10:30,450 INFO    [main] ======================================================================
2026-08-24 19:10:30,450 INFO    [main] GOLD TRADING SYSTEM — pipeline start (trade=XAUUSD+, timeframe=M1, source=mt5)
2026-08-24 19:10:30,477 INFO    [data_providers] MT5 provider connected (symbol=XAUUSD+, demo/live via terminal)
2026-08-24 19:10:31,826 INFO    [data_providers] MT5 provider: 50 ticks, 0 book updates for XAUUSD+ (spread 0.002%, H1/M15/M5 bars 60/60/100)
2026-08-24 19:10:31,826 INFO    [step1_data_acquisition] STEP 1: acquired mt5 data for XAUUSD+ (50 ticks)
2026-08-24 19:10:31,826 INFO    [main] STEP 1  DATA ACQUISITION -> OK (mt5, data=XAUUSD+ -> trade=XAUUSD+, has_data=True)
2026-08-24 19:10:31,851 INFO    [step2_market_analysis] analyze_market() -> NEUTRAL (strength=0.0, confidence=0.0, news=BLACKOUT)
2026-08-24 19:10:31,851 INFO    [main] STEP 2: snapshot saved -> A:\gitHub\Gold-MT5\gold_trading_system_mt5\data\market_snapshot.json
2026-08-24 19:10:31,851 INFO    [main] STEP 2  MARKET ANALYSIS -> OK -> NEUTRAL (strength 0.0, confidence 0.0)
2026-08-24 19:10:31,858 INFO    [main] STEP 3  AI DECISION -> HOLD (signal 0.0 < 8, AI skipped)
2026-08-24 19:10:31,884 INFO    [step4_mt5_execution] STEP 4: SKIPPED — confidence 0.0% < 70% (decision: HOLD).
2026-08-24 19:10:31,884 INFO    [main] STEP 4  EXECUTION -> SKIPPED — confidence 0.0% below threshold 70%
2026-08-24 19:10:31,890 INFO    [step5_monitoring] STEP 5: no open trades.
2026-08-24 19:10:31,890 INFO    [main] STEP 5  MONITORING -> OK
2026-08-24 19:10:31,906 INFO    [main] Trade outcome logged -> A:\gitHub\Gold-MT5\gold_trading_system_mt5\data\trade_outcomes.csv
2026-08-24 19:10:31,906 INFO    [main] Trade outcome logged -> A:\gitHub\Gold-MT5\gold_trading_system_mt5\data\trade_outcomes.csv
2026-08-24 19:10:31,906 INFO    [main] Trade outcome logged -> A:\gitHub\Gold-MT5\gold_trading_system_mt5\data\trade_outcomes.csv
2026-08-24 19:10:31,906 INFO    [main] Trade outcome logged -> A:\gitHub\Gold-MT5\gold_trading_system_mt5\data\trade_outcomes.csv
2026-08-24 19:10:31,906 INFO    [main] Trade outcome logged -> A:\gitHub\Gold-MT5\gold_trading_system_mt5\data\trade_outcomes.csv
2026-08-24 19:10:31,906 INFO    [main] Trade outcome logged -> A:\gitHub\Gold-MT5\gold_trading_system_mt5\data\trade_outcomes.csv
2026-08-24 19:10:31,918 INFO    [main] Trade outcome logged -> A:\gitHub\Gold-MT5\gold_trading_system_mt5\data\trade_outcomes.csv
2026-08-24 19:10:31,918 INFO    [main] Trade outcome logged -> A:\gitHub\Gold-MT5\gold_trading_system_mt5\data\trade_outcomes.csv
2026-08-24 19:10:31,918 INFO    [main] Trade outcome logged -> A:\gitHub\Gold-MT5\gold_trading_system_mt5\data\trade_outcomes.csv
2026-08-24 19:10:31,918 INFO    [mt5_signal_bridge] MT5 signal written -> C:\Users\Jafar\AppData\Roaming\MetaQuotes\Terminal\D0E8209F77C8CF37AD8BF550E51FF075\MQL5\Files\gold_signal.txt (direction=NEUTRAL, conf=0.0)
2026-08-24 19:10:31,918 INFO    [main] MT5 SIGNAL BRIDGE -> OK -> gold_signal.txt
2026-08-24 19:10:31,921 INFO    [main] Decision logged -> A:\gitHub\Gold-MT5\gold_trading_system_mt5\data\decisions_log.csv
2026-08-24 19:11:31,926 INFO    [step5_monitoring] STEP 5: --- loop iteration 31 ---
2026-08-24 19:11:31,926 INFO    [main] ======================================================================
2026-08-24 19:11:31,926 INFO    [main] GOLD TRADING SYSTEM — pipeline start (trade=XAUUSD+, timeframe=M1, source=mt5)
2026-08-24 19:11:31,953 INFO    [data_providers] MT5 provider connected (symbol=XAUUSD+, demo/live via terminal)
2026-08-24 19:11:33,282 INFO    [data_providers] MT5 provider: 50 ticks, 0 book updates for XAUUSD+ (spread 0.002%, H1/M15/M5 bars 60/60/100)
2026-08-24 19:11:33,284 INFO    [step1_data_acquisition] STEP 1: acquired mt5 data for XAUUSD+ (50 ticks)
2026-08-24 19:11:33,284 INFO    [main] STEP 1  DATA ACQUISITION -> OK (mt5, data=XAUUSD+ -> trade=XAUUSD+, has_data=True)
2026-08-24 19:11:33,303 INFO    [step2_market_analysis] analyze_market() -> NEUTRAL (strength=0.0, confidence=0.0, news=BLACKOUT)
2026-08-24 19:11:33,310 INFO    [main] STEP 2: snapshot saved -> A:\gitHub\Gold-MT5\gold_trading_system_mt5\data\market_snapshot.json
2026-08-24 19:11:33,310 INFO    [main] STEP 2  MARKET ANALYSIS -> OK -> NEUTRAL (strength 0.0, confidence 0.0)
2026-08-24 19:11:33,310 INFO    [main] STEP 3  AI DECISION -> HOLD (signal 0.0 < 8, AI skipped)
2026-08-24 19:11:33,332 INFO    [step4_mt5_execution] STEP 4: SKIPPED — confidence 0.0% < 70% (decision: HOLD).
2026-08-24 19:11:33,332 INFO    [main] STEP 4  EXECUTION -> SKIPPED — confidence 0.0% below threshold 70%
2026-08-24 19:11:33,346 INFO    [step5_monitoring] STEP 5: no open trades.
2026-08-24 19:11:33,346 INFO    [main] STEP 5  MONITORING -> OK
2026-08-24 19:11:33,362 INFO    [main] Trade outcome logged -> A:\gitHub\Gold-MT5\gold_trading_system_mt5\data\trade_outcomes.csv
2026-08-24 19:11:33,362 INFO    [main] Trade outcome logged -> A:\gitHub\Gold-MT5\gold_trading_system_mt5\data\trade_outcomes.csv
2026-08-24 19:11:33,365 INFO    [main] Trade outcome logged -> A:\gitHub\Gold-MT5\gold_trading_system_mt5\data\trade_outcomes.csv
2026-08-24 19:11:33,365 INFO    [main] Trade outcome logged -> A:\gitHub\Gold-MT5\gold_trading_system_mt5\data\trade_outcomes.csv
2026-08-24 19:11:33,365 INFO    [main] Trade outcome logged -> A:\gitHub\Gold-MT5\gold_trading_system_mt5\data\trade_outcomes.csv
2026-08-24 19:11:33,365 INFO    [main] Trade outcome logged -> A:\gitHub\Gold-MT5\gold_trading_system_mt5\data\trade_outcomes.csv
2026-08-24 19:11:33,365 INFO    [main] Trade outcome logged -> A:\gitHub\Gold-MT5\gold_trading_system_mt5\data\trade_outcomes.csv
2026-08-24 19:11:33,365 INFO    [main] Trade outcome logged -> A:\gitHub\Gold-MT5\gold_trading_system_mt5\data\trade_outcomes.csv
2026-08-24 19:11:33,365 INFO    [main] Trade outcome logged -> A:\gitHub\Gold-MT5\gold_trading_system_mt5\data\trade_outcomes.csv
2026-08-24 19:11:33,372 INFO    [mt5_signal_bridge] MT5 signal written -> C:\Users\Jafar\AppData\Roaming\MetaQuotes\Terminal\D0E8209F77C8CF37AD8BF550E51FF075\MQL5\Files\gold_signal.txt (direction=NEUTRAL, conf=0.0)
2026-08-24 19:11:33,372 INFO    [main] MT5 SIGNAL BRIDGE -> OK -> gold_signal.txt
2026-08-24 19:11:33,372 INFO    [main] Decision logged -> A:\gitHub\Gold-MT5\gold_trading_system_mt5\data\decisions_log.csv
2026-08-24 19:12:33,377 INFO    [step5_monitoring] STEP 5: --- loop iteration 32 ---
2026-08-24 19:12:33,381 INFO    [main] ======================================================================
2026-08-24 19:12:33,382 INFO    [main] GOLD TRADING SYSTEM — pipeline start (trade=XAUUSD+, timeframe=M1, source=mt5)
2026-08-24 19:12:33,405 INFO    [data_providers] MT5 provider connected (symbol=XAUUSD+, demo/live via terminal)
2026-08-24 19:12:34,814 INFO    [data_providers] MT5 provider: 50 ticks, 0 book updates for XAUUSD+ (spread 0.002%, H1/M15/M5 bars 60/60/100)
2026-08-24 19:12:34,817 INFO    [step1_data_acquisition] STEP 1: acquired mt5 data for XAUUSD+ (50 ticks)
2026-08-24 19:12:34,818 INFO    [main] STEP 1  DATA ACQUISITION -> OK (mt5, data=XAUUSD+ -> trade=XAUUSD+, has_data=True)
2026-08-24 19:12:34,850 INFO    [step2_market_analysis] analyze_market() -> NEUTRAL (strength=0.0, confidence=0.0, news=BLACKOUT)
2026-08-24 19:12:34,857 INFO    [main] STEP 2: snapshot saved -> A:\gitHub\Gold-MT5\gold_trading_system_mt5\data\market_snapshot.json
2026-08-24 19:12:34,858 INFO    [main] STEP 2  MARKET ANALYSIS -> OK -> NEUTRAL (strength 0.0, confidence 0.0)
2026-08-24 19:12:34,858 INFO    [main] STEP 3  AI DECISION -> HOLD (signal 0.0 < 8, AI skipped)
2026-08-24 19:12:34,910 INFO    [step4_mt5_execution] STEP 4: SKIPPED — confidence 0.0% < 70% (decision: HOLD).
2026-08-24 19:12:34,911 INFO    [main] STEP 4  EXECUTION -> SKIPPED — confidence 0.0% below threshold 70%
2026-08-24 19:12:34,933 INFO    [step5_monitoring] STEP 5: no open trades.
2026-08-24 19:12:34,934 INFO    [main] STEP 5  MONITORING -> OK
2026-08-24 19:12:34,951 INFO    [main] Trade outcome logged -> A:\gitHub\Gold-MT5\gold_trading_system_mt5\data\trade_outcomes.csv
2026-08-24 19:12:34,952 INFO    [main] Trade outcome logged -> A:\gitHub\Gold-MT5\gold_trading_system_mt5\data\trade_outcomes.csv
2026-08-24 19:12:34,953 INFO    [main] Trade outcome logged -> A:\gitHub\Gold-MT5\gold_trading_system_mt5\data\trade_outcomes.csv
2026-08-24 19:12:34,954 INFO    [main] Trade outcome logged -> A:\gitHub\Gold-MT5\gold_trading_system_mt5\data\trade_outcomes.csv
2026-08-24 19:12:34,955 INFO    [main] Trade outcome logged -> A:\gitHub\Gold-MT5\gold_trading_system_mt5\data\trade_outcomes.csv
2026-08-24 19:12:34,956 INFO    [main] Trade outcome logged -> A:\gitHub\Gold-MT5\gold_trading_system_mt5\data\trade_outcomes.csv
2026-08-24 19:12:34,957 INFO    [main] Trade outcome logged -> A:\gitHub\Gold-MT5\gold_trading_system_mt5\data\trade_outcomes.csv
2026-08-24 19:12:34,958 INFO    [main] Trade outcome logged -> A:\gitHub\Gold-MT5\gold_trading_system_mt5\data\trade_outcomes.csv
2026-08-24 19:12:34,959 INFO    [main] Trade outcome logged -> A:\gitHub\Gold-MT5\gold_trading_system_mt5\data\trade_outcomes.csv
2026-08-24 19:12:34,962 INFO    [mt5_signal_bridge] MT5 signal written -> C:\Users\Jafar\AppData\Roaming\MetaQuotes\Terminal\D0E8209F77C8CF37AD8BF550E51FF075\MQL5\Files\gold_signal.txt (direction=NEUTRAL, conf=0.0)
2026-08-24 19:12:34,962 INFO    [main] MT5 SIGNAL BRIDGE -> OK -> gold_signal.txt
2026-08-24 19:12:34,963 INFO    [main] Decision logged -> A:\gitHub\Gold-MT5\gold_trading_system_mt5\data\decisions_log.csv
2026-08-24 19:13:34,967 INFO    [step5_monitoring] STEP 5: --- loop iteration 33 ---
2026-08-24 19:13:34,971 INFO    [main] ======================================================================
2026-08-24 19:13:34,973 INFO    [main] GOLD TRADING SYSTEM — pipeline start (trade=XAUUSD+, timeframe=M1, source=mt5)
2026-08-24 19:13:34,991 INFO    [data_providers] MT5 provider connected (symbol=XAUUSD+, demo/live via terminal)
2026-08-24 19:13:36,507 INFO    [data_providers] MT5 provider: 50 ticks, 0 book updates for XAUUSD+ (spread 0.002%, H1/M15/M5 bars 60/60/100)
2026-08-24 19:13:36,509 INFO    [step1_data_acquisition] STEP 1: acquired mt5 data for XAUUSD+ (50 ticks)
2026-08-24 19:13:36,510 INFO    [main] STEP 1  DATA ACQUISITION -> OK (mt5, data=XAUUSD+ -> trade=XAUUSD+, has_data=True)
2026-08-24 19:13:36,536 INFO    [step2_market_analysis] analyze_market() -> NEUTRAL (strength=0.0, confidence=0.0, news=BLACKOUT)
2026-08-24 19:13:36,539 INFO    [main] STEP 2: snapshot saved -> A:\gitHub\Gold-MT5\gold_trading_system_mt5\data\market_snapshot.json
2026-08-24 19:13:36,539 INFO    [main] STEP 2  MARKET ANALYSIS -> OK -> NEUTRAL (strength 0.0, confidence 0.0)
2026-08-24 19:13:36,540 INFO    [main] STEP 3  AI DECISION -> HOLD (signal 0.0 < 8, AI skipped)
2026-08-24 19:13:36,574 INFO    [step4_mt5_execution] STEP 4: SKIPPED — confidence 0.0% < 70% (decision: HOLD).
2026-08-24 19:13:36,575 INFO    [main] STEP 4  EXECUTION -> SKIPPED — confidence 0.0% below threshold 70%
2026-08-24 19:13:36,592 INFO    [step5_monitoring] STEP 5: no open trades.
2026-08-24 19:13:36,592 INFO    [main] STEP 5  MONITORING -> OK
2026-08-24 19:13:36,614 INFO    [main] Trade outcome logged -> A:\gitHub\Gold-MT5\gold_trading_system_mt5\data\trade_outcomes.csv
2026-08-24 19:13:36,617 INFO    [main] Trade outcome logged -> A:\gitHub\Gold-MT5\gold_trading_system_mt5\data\trade_outcomes.csv
2026-08-24 19:13:36,618 INFO    [main] Trade outcome logged -> A:\gitHub\Gold-MT5\gold_trading_system_mt5\data\trade_outcomes.csv
2026-08-24 19:13:36,620 INFO    [main] Trade outcome logged -> A:\gitHub\Gold-MT5\gold_trading_system_mt5\data\trade_outcomes.csv
2026-08-24 19:13:36,621 INFO    [main] Trade outcome logged -> A:\gitHub\Gold-MT5\gold_trading_system_mt5\data\trade_outcomes.csv
2026-08-24 19:13:36,623 INFO    [main] Trade outcome logged -> A:\gitHub\Gold-MT5\gold_trading_system_mt5\data\trade_outcomes.csv
2026-08-24 19:13:36,628 INFO    [main] Trade outcome logged -> A:\gitHub\Gold-MT5\gold_trading_system_mt5\data\trade_outcomes.csv
2026-08-24 19:13:36,629 INFO    [main] Trade outcome logged -> A:\gitHub\Gold-MT5\gold_trading_system_mt5\data\trade_outcomes.csv
2026-08-24 19:13:36,629 INFO    [main] Trade outcome logged -> A:\gitHub\Gold-MT5\gold_trading_system_mt5\data\trade_outcomes.csv
2026-08-24 19:13:36,631 INFO    [mt5_signal_bridge] MT5 signal written -> C:\Users\Jafar\AppData\Roaming\MetaQuotes\Terminal\D0E8209F77C8CF37AD8BF550E51FF075\MQL5\Files\gold_signal.txt (direction=NEUTRAL, conf=0.0)
2026-08-24 19:13:36,631 INFO    [main] MT5 SIGNAL BRIDGE -> OK -> gold_signal.txt
2026-08-24 19:13:36,632 INFO    [main] Decision logged -> A:\gitHub\Gold-MT5\gold_trading_system_mt5\data\decisions_log.csv
2026-08-24 19:14:36,635 INFO    [step5_monitoring] STEP 5: --- loop iteration 34 ---
2026-08-24 19:14:36,641 INFO    [main] ======================================================================
2026-08-24 19:14:36,642 INFO    [main] GOLD TRADING SYSTEM — pipeline start (trade=XAUUSD+, timeframe=M1, source=mt5)
2026-08-24 19:14:36,669 INFO    [data_providers] MT5 provider connected (symbol=XAUUSD+, demo/live via terminal)
2026-08-24 19:14:38,390 INFO    [data_providers] MT5 provider: 50 ticks, 0 book updates for XAUUSD+ (spread 0.002%, H1/M15/M5 bars 60/60/100)
2026-08-24 19:14:38,391 INFO    [step1_data_acquisition] STEP 1: acquired mt5 data for XAUUSD+ (50 ticks)
2026-08-24 19:14:38,391 INFO    [main] STEP 1  DATA ACQUISITION -> OK (mt5, data=XAUUSD+ -> trade=XAUUSD+, has_data=True)
2026-08-24 19:14:38,427 INFO    [step2_market_analysis] analyze_market() -> NEUTRAL (strength=0.0, confidence=0.0, news=BLACKOUT)
2026-08-24 19:14:38,434 INFO    [main] STEP 2: snapshot saved -> A:\gitHub\Gold-MT5\gold_trading_system_mt5\data\market_snapshot.json
2026-08-24 19:14:38,434 INFO    [main] STEP 2  MARKET ANALYSIS -> OK -> NEUTRAL (strength 0.0, confidence 0.0)
2026-08-24 19:14:38,435 INFO    [main] STEP 3  AI DECISION -> HOLD (signal 0.0 < 8, AI skipped)
2026-08-24 19:14:38,477 INFO    [step4_mt5_execution] STEP 4: SKIPPED — confidence 0.0% < 70% (decision: HOLD).
2026-08-24 19:14:38,478 INFO    [main] STEP 4  EXECUTION -> SKIPPED — confidence 0.0% below threshold 70%
2026-08-24 19:14:38,499 INFO    [step5_monitoring] STEP 5: no open trades.
2026-08-24 19:14:38,499 INFO    [main] STEP 5  MONITORING -> OK
2026-08-24 19:14:38,522 INFO    [main] Trade outcome logged -> A:\gitHub\Gold-MT5\gold_trading_system_mt5\data\trade_outcomes.csv
2026-08-24 19:14:38,525 INFO    [main] Trade outcome logged -> A:\gitHub\Gold-MT5\gold_trading_system_mt5\data\trade_outcomes.csv
2026-08-24 19:14:38,527 INFO    [main] Trade outcome logged -> A:\gitHub\Gold-MT5\gold_trading_system_mt5\data\trade_outcomes.csv
2026-08-24 19:14:38,528 INFO    [main] Trade outcome logged -> A:\gitHub\Gold-MT5\gold_trading_system_mt5\data\trade_outcomes.csv
2026-08-24 19:14:38,530 INFO    [main] Trade outcome logged -> A:\gitHub\Gold-MT5\gold_trading_system_mt5\data\trade_outcomes.csv
2026-08-24 19:14:38,532 INFO    [main] Trade outcome logged -> A:\gitHub\Gold-MT5\gold_trading_system_mt5\data\trade_outcomes.csv
2026-08-24 19:14:38,532 INFO    [main] Trade outcome logged -> A:\gitHub\Gold-MT5\gold_trading_system_mt5\data\trade_outcomes.csv
2026-08-24 19:14:38,533 INFO    [main] Trade outcome logged -> A:\gitHub\Gold-MT5\gold_trading_system_mt5\data\trade_outcomes.csv
2026-08-24 19:14:38,534 INFO    [main] Trade outcome logged -> A:\gitHub\Gold-MT5\gold_trading_system_mt5\data\trade_outcomes.csv
2026-08-24 19:14:38,536 INFO    [mt5_signal_bridge] MT5 signal written -> C:\Users\Jafar\AppData\Roaming\MetaQuotes\Terminal\D0E8209F77C8CF37AD8BF550E51FF075\MQL5\Files\gold_signal.txt (direction=NEUTRAL, conf=0.0)
2026-08-24 19:14:38,537 INFO    [main] MT5 SIGNAL BRIDGE -> OK -> gold_signal.txt
2026-08-24 19:14:38,538 INFO    [main] Decision logged -> A:\gitHub\Gold-MT5\gold_trading_system_mt5\data\decisions_log.csv
2026-08-24 19:15:38,543 INFO    [step5_monitoring] STEP 5: --- loop iteration 35 ---
2026-08-24 19:15:38,552 INFO    [main] ======================================================================
2026-08-24 19:15:38,562 INFO    [main] GOLD TRADING SYSTEM — pipeline start (trade=XAUUSD+, timeframe=M1, source=mt5)
2026-08-24 19:15:38,622 INFO    [data_providers] MT5 provider connected (symbol=XAUUSD+, demo/live via terminal)
2026-08-24 19:15:40,388 INFO    [data_providers] MT5 provider: 50 ticks, 0 book updates for XAUUSD+ (spread 0.002%, H1/M15/M5 bars 60/60/100)
2026-08-24 19:15:40,388 INFO    [step1_data_acquisition] STEP 1: acquired mt5 data for XAUUSD+ (50 ticks)
2026-08-24 19:15:40,389 INFO    [main] STEP 1  DATA ACQUISITION -> OK (mt5, data=XAUUSD+ -> trade=XAUUSD+, has_data=True)
2026-08-24 19:15:40,421 INFO    [step2_market_analysis] analyze_market() -> NEUTRAL (strength=0.0, confidence=0.0, news=BLACKOUT)
2026-08-24 19:15:40,426 INFO    [main] STEP 2: snapshot saved -> A:\gitHub\Gold-MT5\gold_trading_system_mt5\data\market_snapshot.json
2026-08-24 19:15:40,428 INFO    [main] STEP 2  MARKET ANALYSIS -> OK -> NEUTRAL (strength 0.0, confidence 0.0)
2026-08-24 19:15:40,428 INFO    [main] STEP 3  AI DECISION -> HOLD (signal 0.0 < 8, AI skipped)
2026-08-24 19:15:40,456 INFO    [step4_mt5_execution] STEP 4: SKIPPED — confidence 0.0% < 70% (decision: HOLD).
2026-08-24 19:15:40,456 INFO    [main] STEP 4  EXECUTION -> SKIPPED — confidence 0.0% below threshold 70%
2026-08-24 19:15:40,478 INFO    [step5_monitoring] STEP 5: no open trades.
2026-08-24 19:15:40,479 INFO    [main] STEP 5  MONITORING -> OK
2026-08-24 19:15:40,499 INFO    [main] Trade outcome logged -> A:\gitHub\Gold-MT5\gold_trading_system_mt5\data\trade_outcomes.csv
2026-08-24 19:15:40,500 INFO    [main] Trade outcome logged -> A:\gitHub\Gold-MT5\gold_trading_system_mt5\data\trade_outcomes.csv
2026-08-24 19:15:40,501 INFO    [main] Trade outcome logged -> A:\gitHub\Gold-MT5\gold_trading_system_mt5\data\trade_outcomes.csv
2026-08-24 19:15:40,502 INFO    [main] Trade outcome logged -> A:\gitHub\Gold-MT5\gold_trading_system_mt5\data\trade_outcomes.csv
2026-08-24 19:15:40,504 INFO    [main] Trade outcome logged -> A:\gitHub\Gold-MT5\gold_trading_system_mt5\data\trade_outcomes.csv
2026-08-24 19:15:40,506 INFO    [main] Trade outcome logged -> A:\gitHub\Gold-MT5\gold_trading_system_mt5\data\trade_outcomes.csv
2026-08-24 19:15:40,507 INFO    [main] Trade outcome logged -> A:\gitHub\Gold-MT5\gold_trading_system_mt5\data\trade_outcomes.csv
2026-08-24 19:15:40,507 INFO    [main] Trade outcome logged -> A:\gitHub\Gold-MT5\gold_trading_system_mt5\data\trade_outcomes.csv
2026-08-24 19:15:40,508 INFO    [main] Trade outcome logged -> A:\gitHub\Gold-MT5\gold_trading_system_mt5\data\trade_outcomes.csv
2026-08-24 19:15:40,511 INFO    [mt5_signal_bridge] MT5 signal written -> C:\Users\Jafar\AppData\Roaming\MetaQuotes\Terminal\D0E8209F77C8CF37AD8BF550E51FF075\MQL5\Files\gold_signal.txt (direction=NEUTRAL, conf=0.0)
2026-08-24 19:15:40,511 INFO    [main] MT5 SIGNAL BRIDGE -> OK -> gold_signal.txt
2026-08-24 19:15:40,513 INFO    [main] Decision logged -> A:\gitHub\Gold-MT5\gold_trading_system_mt5\data\decisions_log.csv
2026-08-24 19:16:40,517 INFO    [step5_monitoring] STEP 5: --- loop iteration 36 ---
2026-08-24 19:16:40,521 INFO    [main] ======================================================================
2026-08-24 19:16:40,521 INFO    [main] GOLD TRADING SYSTEM — pipeline start (trade=XAUUSD+, timeframe=M1, source=mt5)
2026-08-24 19:16:40,540 INFO    [data_providers] MT5 provider connected (symbol=XAUUSD+, demo/live via terminal)
2026-08-24 19:16:42,222 INFO    [data_providers] MT5 provider: 50 ticks, 0 book updates for XAUUSD+ (spread 0.002%, H1/M15/M5 bars 60/60/100)
2026-08-24 19:16:42,223 INFO    [step1_data_acquisition] STEP 1: acquired mt5 data for XAUUSD+ (50 ticks)
2026-08-24 19:16:42,223 INFO    [main] STEP 1  DATA ACQUISITION -> OK (mt5, data=XAUUSD+ -> trade=XAUUSD+, has_data=True)
2026-08-24 19:16:42,253 INFO    [step2_market_analysis] analyze_market() -> NEUTRAL (strength=0.0, confidence=0.0, news=BLACKOUT)
2026-08-24 19:16:42,259 INFO    [main] STEP 2: snapshot saved -> A:\gitHub\Gold-MT5\gold_trading_system_mt5\data\market_snapshot.json
2026-08-24 19:16:42,260 INFO    [main] STEP 2  MARKET ANALYSIS -> OK -> NEUTRAL (strength 0.0, confidence 0.0)
2026-08-24 19:16:42,260 INFO    [main] STEP 3  AI DECISION -> HOLD (signal 0.0 < 8, AI skipped)
2026-08-24 19:16:42,294 INFO    [step4_mt5_execution] STEP 4: SKIPPED — confidence 0.0% < 70% (decision: HOLD).
2026-08-24 19:16:42,295 INFO    [main] STEP 4  EXECUTION -> SKIPPED — confidence 0.0% below threshold 70%
2026-08-24 19:16:42,315 INFO    [step5_monitoring] STEP 5: no open trades.
2026-08-24 19:16:42,316 INFO    [main] STEP 5  MONITORING -> OK
2026-08-24 19:16:42,334 INFO    [main] Trade outcome logged -> A:\gitHub\Gold-MT5\gold_trading_system_mt5\data\trade_outcomes.csv
2026-08-24 19:16:42,335 INFO    [main] Trade outcome logged -> A:\gitHub\Gold-MT5\gold_trading_system_mt5\data\trade_outcomes.csv
2026-08-24 19:16:42,335 INFO    [main] Trade outcome logged -> A:\gitHub\Gold-MT5\gold_trading_system_mt5\data\trade_outcomes.csv
2026-08-24 19:16:42,337 INFO    [main] Trade outcome logged -> A:\gitHub\Gold-MT5\gold_trading_system_mt5\data\trade_outcomes.csv
2026-08-24 19:16:42,338 INFO    [main] Trade outcome logged -> A:\gitHub\Gold-MT5\gold_trading_system_mt5\data\trade_outcomes.csv
2026-08-24 19:16:42,339 INFO    [main] Trade outcome logged -> A:\gitHub\Gold-MT5\gold_trading_system_mt5\data\trade_outcomes.csv
2026-08-24 19:16:42,340 INFO    [main] Trade outcome logged -> A:\gitHub\Gold-MT5\gold_trading_system_mt5\data\trade_outcomes.csv
2026-08-24 19:16:42,341 INFO    [main] Trade outcome logged -> A:\gitHub\Gold-MT5\gold_trading_system_mt5\data\trade_outcomes.csv
2026-08-24 19:16:42,343 INFO    [main] Trade outcome logged -> A:\gitHub\Gold-MT5\gold_trading_system_mt5\data\trade_outcomes.csv
2026-08-24 19:16:42,346 INFO    [mt5_signal_bridge] MT5 signal written -> C:\Users\Jafar\AppData\Roaming\MetaQuotes\Terminal\D0E8209F77C8CF37AD8BF550E51FF075\MQL5\Files\gold_signal.txt (direction=NEUTRAL, conf=0.0)
2026-08-24 19:16:42,347 INFO    [main] MT5 SIGNAL BRIDGE -> OK -> gold_signal.txt
2026-08-24 19:16:42,348 INFO    [main] Decision logged -> A:\gitHub\Gold-MT5\gold_trading_system_mt5\data\decisions_log.csv
2026-08-24 19:17:42,352 INFO    [step5_monitoring] STEP 5: --- loop iteration 37 ---
2026-08-24 19:17:42,361 INFO    [main] ======================================================================
2026-08-24 19:17:42,361 INFO    [main] GOLD TRADING SYSTEM — pipeline start (trade=XAUUSD+, timeframe=M1, source=mt5)
2026-08-24 19:17:42,388 INFO    [data_providers] MT5 provider connected (symbol=XAUUSD+, demo/live via terminal)
2026-08-24 19:17:44,198 INFO    [data_providers] MT5 provider: 50 ticks, 0 book updates for XAUUSD+ (spread 0.002%, H1/M15/M5 bars 60/60/100)
2026-08-24 19:17:44,199 INFO    [step1_data_acquisition] STEP 1: acquired mt5 data for XAUUSD+ (50 ticks)
2026-08-24 19:17:44,200 INFO    [main] STEP 1  DATA ACQUISITION -> OK (mt5, data=XAUUSD+ -> trade=XAUUSD+, has_data=True)
2026-08-24 19:17:44,330 INFO    [step2_market_analysis] analyze_market() -> NEUTRAL (strength=0.0, confidence=0.0, news=BLACKOUT)
2026-08-24 19:17:44,337 INFO    [main] STEP 2: snapshot saved -> A:\gitHub\Gold-MT5\gold_trading_system_mt5\data\market_snapshot.json
2026-08-24 19:17:44,338 INFO    [main] STEP 2  MARKET ANALYSIS -> OK -> NEUTRAL (strength 0.0, confidence 0.0)
2026-08-24 19:17:44,339 INFO    [main] STEP 3  AI DECISION -> HOLD (signal 0.0 < 8, AI skipped)
2026-08-24 19:17:44,384 INFO    [step4_mt5_execution] STEP 4: SKIPPED — confidence 0.0% < 70% (decision: HOLD).
2026-08-24 19:17:44,384 INFO    [main] STEP 4  EXECUTION -> SKIPPED — confidence 0.0% below threshold 70%
2026-08-24 19:17:44,410 INFO    [step5_monitoring] STEP 5: no open trades.
2026-08-24 19:17:44,410 INFO    [main] STEP 5  MONITORING -> OK
2026-08-24 19:17:44,442 INFO    [main] Trade outcome logged -> A:\gitHub\Gold-MT5\gold_trading_system_mt5\data\trade_outcomes.csv
2026-08-24 19:17:44,443 INFO    [main] Trade outcome logged -> A:\gitHub\Gold-MT5\gold_trading_system_mt5\data\trade_outcomes.csv
2026-08-24 19:17:44,445 INFO    [main] Trade outcome logged -> A:\gitHub\Gold-MT5\gold_trading_system_mt5\data\trade_outcomes.csv
2026-08-24 19:17:44,446 INFO    [main] Trade outcome logged -> A:\gitHub\Gold-MT5\gold_trading_system_mt5\data\trade_outcomes.csv
2026-08-24 19:17:44,447 INFO    [main] Trade outcome logged -> A:\gitHub\Gold-MT5\gold_trading_system_mt5\data\trade_outcomes.csv
2026-08-24 19:17:44,447 INFO    [main] Trade outcome logged -> A:\gitHub\Gold-MT5\gold_trading_system_mt5\data\trade_outcomes.csv
2026-08-24 19:17:44,448 INFO    [main] Trade outcome logged -> A:\gitHub\Gold-MT5\gold_trading_system_mt5\data\trade_outcomes.csv
2026-08-24 19:17:44,449 INFO    [main] Trade outcome logged -> A:\gitHub\Gold-MT5\gold_trading_system_mt5\data\trade_outcomes.csv
2026-08-24 19:17:44,451 INFO    [main] Trade outcome logged -> A:\gitHub\Gold-MT5\gold_trading_system_mt5\data\trade_outcomes.csv
2026-08-24 19:17:44,457 INFO    [mt5_signal_bridge] MT5 signal written -> C:\Users\Jafar\AppData\Roaming\MetaQuotes\Terminal\D0E8209F77C8CF37AD8BF550E51FF075\MQL5\Files\gold_signal.txt (direction=NEUTRAL, conf=0.0)
2026-08-24 19:17:44,458 INFO    [main] MT5 SIGNAL BRIDGE -> OK -> gold_signal.txt
2026-08-24 19:17:44,461 INFO    [main] Decision logged -> A:\gitHub\Gold-MT5\gold_trading_system_mt5\data\decisions_log.csv
2026-08-24 19:18:44,463 INFO    [step5_monitoring] STEP 5: --- loop iteration 38 ---
2026-08-24 19:18:44,467 INFO    [main] ======================================================================
2026-08-24 19:18:44,467 INFO    [main] GOLD TRADING SYSTEM — pipeline start (trade=XAUUSD+, timeframe=M1, source=mt5)
2026-08-24 19:18:44,483 INFO    [data_providers] MT5 provider connected (symbol=XAUUSD+, demo/live via terminal)
2026-08-24 19:18:45,801 INFO    [data_providers] MT5 provider: 50 ticks, 0 book updates for XAUUSD+ (spread 0.002%, H1/M15/M5 bars 60/60/100)
2026-08-24 19:18:45,801 INFO    [step1_data_acquisition] STEP 1: acquired mt5 data for XAUUSD+ (50 ticks)
2026-08-24 19:18:45,802 INFO    [main] STEP 1  DATA ACQUISITION -> OK (mt5, data=XAUUSD+ -> trade=XAUUSD+, has_data=True)
2026-08-24 19:18:45,817 INFO    [step2_market_analysis] analyze_market() -> NEUTRAL (strength=0.0, confidence=0.0, news=BLACKOUT)
2026-08-24 19:18:45,817 INFO    [main] STEP 2: snapshot saved -> A:\gitHub\Gold-MT5\gold_trading_system_mt5\data\market_snapshot.json
2026-08-24 19:18:45,817 INFO    [main] STEP 2  MARKET ANALYSIS -> OK -> NEUTRAL (strength 0.0, confidence 0.0)
2026-08-24 19:18:45,817 INFO    [main] STEP 3  AI DECISION -> HOLD (signal 0.0 < 8, AI skipped)
2026-08-24 19:18:45,843 INFO    [step4_mt5_execution] STEP 4: SKIPPED — confidence 0.0% < 70% (decision: HOLD).
2026-08-24 19:18:45,843 INFO    [main] STEP 4  EXECUTION -> SKIPPED — confidence 0.0% below threshold 70%
2026-08-24 19:18:45,850 INFO    [step5_monitoring] STEP 5: no open trades.
2026-08-24 19:18:45,850 INFO    [main] STEP 5  MONITORING -> OK
2026-08-24 19:18:45,867 INFO    [main] Trade outcome logged -> A:\gitHub\Gold-MT5\gold_trading_system_mt5\data\trade_outcomes.csv
2026-08-24 19:18:45,867 INFO    [main] Trade outcome logged -> A:\gitHub\Gold-MT5\gold_trading_system_mt5\data\trade_outcomes.csv
2026-08-24 19:18:45,867 INFO    [main] Trade outcome logged -> A:\gitHub\Gold-MT5\gold_trading_system_mt5\data\trade_outcomes.csv
2026-08-24 19:18:45,867 INFO    [main] Trade outcome logged -> A:\gitHub\Gold-MT5\gold_trading_system_mt5\data\trade_outcomes.csv
2026-08-24 19:18:45,867 INFO    [main] Trade outcome logged -> A:\gitHub\Gold-MT5\gold_trading_system_mt5\data\trade_outcomes.csv
2026-08-24 19:18:45,867 INFO    [main] Trade outcome logged -> A:\gitHub\Gold-MT5\gold_trading_system_mt5\data\trade_outcomes.csv
2026-08-24 19:18:45,867 INFO    [main] Trade outcome logged -> A:\gitHub\Gold-MT5\gold_trading_system_mt5\data\trade_outcomes.csv
2026-08-24 19:18:45,867 INFO    [main] Trade outcome logged -> A:\gitHub\Gold-MT5\gold_trading_system_mt5\data\trade_outcomes.csv
2026-08-24 19:18:45,875 INFO    [main] Trade outcome logged -> A:\gitHub\Gold-MT5\gold_trading_system_mt5\data\trade_outcomes.csv
2026-08-24 19:18:45,875 INFO    [mt5_signal_bridge] MT5 signal written -> C:\Users\Jafar\AppData\Roaming\MetaQuotes\Terminal\D0E8209F77C8CF37AD8BF550E51FF075\MQL5\Files\gold_signal.txt (direction=NEUTRAL, conf=0.0)
2026-08-24 19:18:45,875 INFO    [main] MT5 SIGNAL BRIDGE -> OK -> gold_signal.txt
2026-08-24 19:18:45,875 INFO    [main] Decision logged -> A:\gitHub\Gold-MT5\gold_trading_system_mt5\data\decisions_log.csv
2026-08-24 19:19:45,881 INFO    [step5_monitoring] STEP 5: --- loop iteration 39 ---
2026-08-24 19:19:45,885 INFO    [main] ======================================================================
2026-08-24 19:19:45,886 INFO    [main] GOLD TRADING SYSTEM — pipeline start (trade=XAUUSD+, timeframe=M1, source=mt5)
2026-08-24 19:19:45,909 INFO    [data_providers] MT5 provider connected (symbol=XAUUSD+, demo/live via terminal)
2026-08-24 19:19:47,263 INFO    [data_providers] MT5 provider: 50 ticks, 0 book updates for XAUUSD+ (spread 0.002%, H1/M15/M5 bars 60/60/100)
2026-08-24 19:19:47,264 INFO    [step1_data_acquisition] STEP 1: acquired mt5 data for XAUUSD+ (50 ticks)
2026-08-24 19:19:47,264 INFO    [main] STEP 1  DATA ACQUISITION -> OK (mt5, data=XAUUSD+ -> trade=XAUUSD+, has_data=True)
2026-08-24 19:19:47,706 INFO    [step2_market_analysis] analyze_market() -> NEUTRAL (strength=0.0, confidence=0.0, news=BLACKOUT)
2026-08-24 19:19:47,711 INFO    [main] STEP 2: snapshot saved -> A:\gitHub\Gold-MT5\gold_trading_system_mt5\data\market_snapshot.json
2026-08-24 19:19:47,712 INFO    [main] STEP 2  MARKET ANALYSIS -> OK -> NEUTRAL (strength 0.0, confidence 0.0)
2026-08-24 19:19:47,712 INFO    [main] STEP 3  AI DECISION -> HOLD (signal 0.0 < 8, AI skipped)
2026-08-24 19:19:47,738 INFO    [step4_mt5_execution] STEP 4: SKIPPED — confidence 0.0% < 70% (decision: HOLD).
2026-08-24 19:19:47,738 INFO    [main] STEP 4  EXECUTION -> SKIPPED — confidence 0.0% below threshold 70%
2026-08-24 19:19:47,753 INFO    [step5_monitoring] STEP 5: no open trades.
2026-08-24 19:19:47,754 INFO    [main] STEP 5  MONITORING -> OK
2026-08-24 19:19:47,767 INFO    [main] Trade outcome logged -> A:\gitHub\Gold-MT5\gold_trading_system_mt5\data\trade_outcomes.csv
2026-08-24 19:19:47,767 INFO    [main] Trade outcome logged -> A:\gitHub\Gold-MT5\gold_trading_system_mt5\data\trade_outcomes.csv
2026-08-24 19:19:47,768 INFO    [main] Trade outcome logged -> A:\gitHub\Gold-MT5\gold_trading_system_mt5\data\trade_outcomes.csv
2026-08-24 19:19:47,769 INFO    [main] Trade outcome logged -> A:\gitHub\Gold-MT5\gold_trading_system_mt5\data\trade_outcomes.csv
2026-08-24 19:19:47,769 INFO    [main] Trade outcome logged -> A:\gitHub\Gold-MT5\gold_trading_system_mt5\data\trade_outcomes.csv
2026-08-24 19:19:47,770 INFO    [main] Trade outcome logged -> A:\gitHub\Gold-MT5\gold_trading_system_mt5\data\trade_outcomes.csv
2026-08-24 19:19:47,771 INFO    [main] Trade outcome logged -> A:\gitHub\Gold-MT5\gold_trading_system_mt5\data\trade_outcomes.csv
2026-08-24 19:19:47,772 INFO    [main] Trade outcome logged -> A:\gitHub\Gold-MT5\gold_trading_system_mt5\data\trade_outcomes.csv
2026-08-24 19:19:47,773 INFO    [main] Trade outcome logged -> A:\gitHub\Gold-MT5\gold_trading_system_mt5\data\trade_outcomes.csv
2026-08-24 19:19:47,776 INFO    [mt5_signal_bridge] MT5 signal written -> C:\Users\Jafar\AppData\Roaming\MetaQuotes\Terminal\D0E8209F77C8CF37AD8BF550E51FF075\MQL5\Files\gold_signal.txt (direction=NEUTRAL, conf=0.0)
2026-08-24 19:19:47,776 INFO    [main] MT5 SIGNAL BRIDGE -> OK -> gold_signal.txt
2026-08-24 19:19:47,778 INFO    [main] Decision logged -> A:\gitHub\Gold-MT5\gold_trading_system_mt5\data\decisions_log.csv
2026-08-24 19:20:47,781 INFO    [step5_monitoring] STEP 5: --- loop iteration 40 ---
2026-08-24 19:20:47,786 INFO    [main] ======================================================================
2026-08-24 19:20:47,786 INFO    [main] GOLD TRADING SYSTEM — pipeline start (trade=XAUUSD+, timeframe=M1, source=mt5)
2026-08-24 19:20:47,809 INFO    [data_providers] MT5 provider connected (symbol=XAUUSD+, demo/live via terminal)
2026-08-24 19:20:49,307 INFO    [data_providers] MT5 provider: 50 ticks, 0 book updates for XAUUSD+ (spread 0.002%, H1/M15/M5 bars 60/60/100)
2026-08-24 19:20:49,307 INFO    [step1_data_acquisition] STEP 1: acquired mt5 data for XAUUSD+ (50 ticks)
2026-08-24 19:20:49,307 INFO    [main] STEP 1  DATA ACQUISITION -> OK (mt5, data=XAUUSD+ -> trade=XAUUSD+, has_data=True)
2026-08-24 19:20:54,405 INFO    [news] news: 20 fresh headlines fetched.
2026-08-24 19:20:56,720 INFO    [macro] macro: DXY 99.00, 10Y 4.694%, VIX 15.68 (128 aligned points).
2026-08-24 19:20:56,777 INFO    [step2_market_analysis] analyze_market() -> SELL (strength=38.7, confidence=37.83, news=QUIET)
2026-08-24 19:20:56,791 INFO    [main] STEP 2: snapshot saved -> A:\gitHub\Gold-MT5\gold_trading_system_mt5\data\market_snapshot.json
2026-08-24 19:20:56,791 INFO    [main] STEP 2  MARKET ANALYSIS -> OK -> SELL (strength 38.7, confidence 37.8)
2026-08-24 19:20:56,805 WARNING [step3_ai_decision] STEP 3: 'google-generativeai' not installed (pip install google-generativeai) -> HOLD.
2026-08-24 19:20:56,805 INFO    [main] STEP 3  AI DECISION -> HOLD @ 0.0%
2026-08-24 19:20:56,863 INFO    [step4_mt5_execution] STEP 4: SKIPPED — confidence 0.0% < 70% (decision: HOLD).
2026-08-24 19:20:56,863 INFO    [main] STEP 4  EXECUTION -> SKIPPED — confidence 0.0% below threshold 70%
2026-08-24 19:20:56,876 INFO    [step5_monitoring] STEP 5: no open trades.
2026-08-24 19:20:56,876 INFO    [main] STEP 5  MONITORING -> OK
2026-08-24 19:20:56,890 INFO    [main] Trade outcome logged -> A:\gitHub\Gold-MT5\gold_trading_system_mt5\data\trade_outcomes.csv
2026-08-24 19:20:56,890 INFO    [main] Trade outcome logged -> A:\gitHub\Gold-MT5\gold_trading_system_mt5\data\trade_outcomes.csv
2026-08-24 19:20:56,890 INFO    [main] Trade outcome logged -> A:\gitHub\Gold-MT5\gold_trading_system_mt5\data\trade_outcomes.csv
2026-08-24 19:20:56,890 INFO    [main] Trade outcome logged -> A:\gitHub\Gold-MT5\gold_trading_system_mt5\data\trade_outcomes.csv
2026-08-24 19:20:56,890 INFO    [main] Trade outcome logged -> A:\gitHub\Gold-MT5\gold_trading_system_mt5\data\trade_outcomes.csv
2026-08-24 19:20:56,890 INFO    [main] Trade outcome logged -> A:\gitHub\Gold-MT5\gold_trading_system_mt5\data\trade_outcomes.csv
2026-08-24 19:20:56,902 INFO    [main] Trade outcome logged -> A:\gitHub\Gold-MT5\gold_trading_system_mt5\data\trade_outcomes.csv
2026-08-24 19:20:56,903 INFO    [main] Trade outcome logged -> A:\gitHub\Gold-MT5\gold_trading_system_mt5\data\trade_outcomes.csv
2026-08-24 19:20:56,903 INFO    [main] Trade outcome logged -> A:\gitHub\Gold-MT5\gold_trading_system_mt5\data\trade_outcomes.csv
2026-08-24 19:20:56,911 INFO    [mt5_signal_bridge] MT5 signal written -> C:\Users\Jafar\AppData\Roaming\MetaQuotes\Terminal\D0E8209F77C8CF37AD8BF550E51FF075\MQL5\Files\gold_signal.txt (direction=NEUTRAL, conf=0.0)
2026-08-24 19:20:56,912 INFO    [main] MT5 SIGNAL BRIDGE -> OK -> gold_signal.txt
2026-08-24 19:20:56,913 INFO    [main] Decision logged -> A:\gitHub\Gold-MT5\gold_trading_system_mt5\data\decisions_log.csv
2026-08-24 19:21:56,916 INFO    [step5_monitoring] STEP 5: --- loop iteration 41 ---
2026-08-24 19:21:56,923 INFO    [main] ======================================================================
2026-08-24 19:21:56,923 INFO    [main] GOLD TRADING SYSTEM — pipeline start (trade=XAUUSD+, timeframe=M1, source=mt5)
2026-08-24 19:21:56,943 INFO    [data_providers] MT5 provider connected (symbol=XAUUSD+, demo/live via terminal)
2026-08-24 19:21:58,291 INFO    [data_providers] MT5 provider: 50 ticks, 0 book updates for XAUUSD+ (spread 0.002%, H1/M15/M5 bars 60/60/100)
2026-08-24 19:21:58,291 INFO    [step1_data_acquisition] STEP 1: acquired mt5 data for XAUUSD+ (50 ticks)
2026-08-24 19:21:58,291 INFO    [main] STEP 1  DATA ACQUISITION -> OK (mt5, data=XAUUSD+ -> trade=XAUUSD+, has_data=True)
2026-08-24 19:21:58,338 INFO    [step2_market_analysis] analyze_market() -> SELL (strength=41.37, confidence=39.95, news=QUIET)
2026-08-24 19:21:58,339 INFO    [main] STEP 2: snapshot saved -> A:\gitHub\Gold-MT5\gold_trading_system_mt5\data\market_snapshot.json
2026-08-24 19:21:58,339 INFO    [main] STEP 2  MARKET ANALYSIS -> OK -> SELL (strength 41.4, confidence 40.0)
2026-08-24 19:21:58,345 WARNING [step3_ai_decision] STEP 3: 'google-generativeai' not installed (pip install google-generativeai) -> HOLD.
2026-08-24 19:21:58,345 INFO    [main] STEP 3  AI DECISION -> HOLD @ 0.0%
2026-08-24 19:21:58,369 INFO    [step4_mt5_execution] STEP 4: SKIPPED — confidence 0.0% < 70% (decision: HOLD).
2026-08-24 19:21:58,369 INFO    [main] STEP 4  EXECUTION -> SKIPPED — confidence 0.0% below threshold 70%
2026-08-24 19:21:58,388 INFO    [step5_monitoring] STEP 5: no open trades.
2026-08-24 19:21:58,389 INFO    [main] STEP 5  MONITORING -> OK
2026-08-24 19:21:58,408 INFO    [main] Trade outcome logged -> A:\gitHub\Gold-MT5\gold_trading_system_mt5\data\trade_outcomes.csv
2026-08-24 19:21:58,408 INFO    [main] Trade outcome logged -> A:\gitHub\Gold-MT5\gold_trading_system_mt5\data\trade_outcomes.csv
2026-08-24 19:21:58,408 INFO    [main] Trade outcome logged -> A:\gitHub\Gold-MT5\gold_trading_system_mt5\data\trade_outcomes.csv
2026-08-24 19:21:58,410 INFO    [main] Trade outcome logged -> A:\gitHub\Gold-MT5\gold_trading_system_mt5\data\trade_outcomes.csv
2026-08-24 19:21:58,411 INFO    [main] Trade outcome logged -> A:\gitHub\Gold-MT5\gold_trading_system_mt5\data\trade_outcomes.csv
2026-08-24 19:21:58,411 INFO    [main] Trade outcome logged -> A:\gitHub\Gold-MT5\gold_trading_system_mt5\data\trade_outcomes.csv
2026-08-24 19:21:58,412 INFO    [main] Trade outcome logged -> A:\gitHub\Gold-MT5\gold_trading_system_mt5\data\trade_outcomes.csv
2026-08-24 19:21:58,412 INFO    [main] Trade outcome logged -> A:\gitHub\Gold-MT5\gold_trading_system_mt5\data\trade_outcomes.csv
2026-08-24 19:21:58,413 INFO    [main] Trade outcome logged -> A:\gitHub\Gold-MT5\gold_trading_system_mt5\data\trade_outcomes.csv
2026-08-24 19:21:58,415 INFO    [mt5_signal_bridge] MT5 signal written -> C:\Users\Jafar\AppData\Roaming\MetaQuotes\Terminal\D0E8209F77C8CF37AD8BF550E51FF075\MQL5\Files\gold_signal.txt (direction=NEUTRAL, conf=0.0)
2026-08-24 19:21:58,415 INFO    [main] MT5 SIGNAL BRIDGE -> OK -> gold_signal.txt
2026-08-24 19:21:58,416 INFO    [main] Decision logged -> A:\gitHub\Gold-MT5\gold_trading_system_mt5\data\decisions_log.csv
2026-08-24 19:22:58,419 INFO    [step5_monitoring] STEP 5: --- loop iteration 42 ---
2026-08-24 19:22:58,423 INFO    [main] ======================================================================
2026-08-24 19:22:58,423 INFO    [main] GOLD TRADING SYSTEM — pipeline start (trade=XAUUSD+, timeframe=M1, source=mt5)
2026-08-24 19:22:58,450 INFO    [data_providers] MT5 provider connected (symbol=XAUUSD+, demo/live via terminal)
2026-08-24 19:22:59,817 INFO    [data_providers] MT5 provider: 50 ticks, 0 book updates for XAUUSD+ (spread 0.003%, H1/M15/M5 bars 60/60/100)
2026-08-24 19:22:59,818 INFO    [step1_data_acquisition] STEP 1: acquired mt5 data for XAUUSD+ (50 ticks)
2026-08-24 19:22:59,818 INFO    [main] STEP 1  DATA ACQUISITION -> OK (mt5, data=XAUUSD+ -> trade=XAUUSD+, has_data=True)
2026-08-24 19:22:59,831 INFO    [step2_market_analysis] analyze_market() -> SELL (strength=41.64, confidence=40.03, news=QUIET)
2026-08-24 19:22:59,833 INFO    [main] STEP 2: snapshot saved -> A:\gitHub\Gold-MT5\gold_trading_system_mt5\data\market_snapshot.json
2026-08-24 19:22:59,833 INFO    [main] STEP 2  MARKET ANALYSIS -> OK -> SELL (strength 41.6, confidence 40.0)
2026-08-24 19:22:59,849 WARNING [step3_ai_decision] STEP 3: 'google-generativeai' not installed (pip install google-generativeai) -> HOLD.
2026-08-24 19:22:59,849 INFO    [main] STEP 3  AI DECISION -> HOLD @ 0.0%
2026-08-24 19:22:59,881 INFO    [step4_mt5_execution] STEP 4: SKIPPED — confidence 0.0% < 70% (decision: HOLD).
2026-08-24 19:22:59,881 INFO    [main] STEP 4  EXECUTION -> SKIPPED — confidence 0.0% below threshold 70%
2026-08-24 19:22:59,890 INFO    [step5_monitoring] STEP 5: no open trades.
2026-08-24 19:22:59,890 INFO    [main] STEP 5  MONITORING -> OK
2026-08-24 19:22:59,906 INFO    [main] Trade outcome logged -> A:\gitHub\Gold-MT5\gold_trading_system_mt5\data\trade_outcomes.csv
2026-08-24 19:22:59,906 INFO    [main] Trade outcome logged -> A:\gitHub\Gold-MT5\gold_trading_system_mt5\data\trade_outcomes.csv
2026-08-24 19:22:59,906 INFO    [main] Trade outcome logged -> A:\gitHub\Gold-MT5\gold_trading_system_mt5\data\trade_outcomes.csv
2026-08-24 19:22:59,913 INFO    [main] Trade outcome logged -> A:\gitHub\Gold-MT5\gold_trading_system_mt5\data\trade_outcomes.csv
2026-08-24 19:22:59,914 INFO    [main] Trade outcome logged -> A:\gitHub\Gold-MT5\gold_trading_system_mt5\data\trade_outcomes.csv
2026-08-24 19:22:59,914 INFO    [main] Trade outcome logged -> A:\gitHub\Gold-MT5\gold_trading_system_mt5\data\trade_outcomes.csv
2026-08-24 19:22:59,914 INFO    [main] Trade outcome logged -> A:\gitHub\Gold-MT5\gold_trading_system_mt5\data\trade_outcomes.csv
2026-08-24 19:22:59,914 INFO    [main] Trade outcome logged -> A:\gitHub\Gold-MT5\gold_trading_system_mt5\data\trade_outcomes.csv
2026-08-24 19:22:59,914 INFO    [main] Trade outcome logged -> A:\gitHub\Gold-MT5\gold_trading_system_mt5\data\trade_outcomes.csv
2026-08-24 19:22:59,914 INFO    [mt5_signal_bridge] MT5 signal written -> C:\Users\Jafar\AppData\Roaming\MetaQuotes\Terminal\D0E8209F77C8CF37AD8BF550E51FF075\MQL5\Files\gold_signal.txt (direction=NEUTRAL, conf=0.0)
2026-08-24 19:22:59,914 INFO    [main] MT5 SIGNAL BRIDGE -> OK -> gold_signal.txt
2026-08-24 19:22:59,914 INFO    [main] Decision logged -> A:\gitHub\Gold-MT5\gold_trading_system_mt5\data\decisions_log.csv
2026-08-24 19:23:59,926 INFO    [step5_monitoring] STEP 5: --- loop iteration 43 ---
2026-08-24 19:23:59,930 INFO    [main] ======================================================================
2026-08-24 19:23:59,930 INFO    [main] GOLD TRADING SYSTEM — pipeline start (trade=XAUUSD+, timeframe=M1, source=mt5)
2026-08-24 19:23:59,943 INFO    [data_providers] MT5 provider connected (symbol=XAUUSD+, demo/live via terminal)
2026-08-24 19:24:01,401 INFO    [data_providers] MT5 provider: 50 ticks, 0 book updates for XAUUSD+ (spread 0.002%, H1/M15/M5 bars 60/60/100)
2026-08-24 19:24:01,401 INFO    [step1_data_acquisition] STEP 1: acquired mt5 data for XAUUSD+ (50 ticks)
2026-08-24 19:24:01,401 INFO    [main] STEP 1  DATA ACQUISITION -> OK (mt5, data=XAUUSD+ -> trade=XAUUSD+, has_data=True)
2026-08-24 19:24:01,426 INFO    [step2_market_analysis] analyze_market() -> SELL (strength=41.55, confidence=40.0, news=QUIET)
2026-08-24 19:24:01,428 INFO    [main] STEP 2: snapshot saved -> A:\gitHub\Gold-MT5\gold_trading_system_mt5\data\market_snapshot.json
2026-08-24 19:24:01,428 INFO    [main] STEP 2  MARKET ANALYSIS -> OK -> SELL (strength 41.5, confidence 40.0)
2026-08-24 19:24:01,458 WARNING [step3_ai_decision] STEP 3: 'google-generativeai' not installed (pip install google-generativeai) -> HOLD.
2026-08-24 19:24:01,458 INFO    [main] STEP 3  AI DECISION -> HOLD @ 0.0%
2026-08-24 19:24:01,476 INFO    [step4_mt5_execution] STEP 4: SKIPPED — confidence 0.0% < 70% (decision: HOLD).
2026-08-24 19:24:01,476 INFO    [main] STEP 4  EXECUTION -> SKIPPED — confidence 0.0% below threshold 70%
2026-08-24 19:24:01,491 INFO    [step5_monitoring] STEP 5: no open trades.
2026-08-24 19:24:01,491 INFO    [main] STEP 5  MONITORING -> OK
2026-08-24 19:24:01,507 INFO    [main] Trade outcome logged -> A:\gitHub\Gold-MT5\gold_trading_system_mt5\data\trade_outcomes.csv
2026-08-24 19:24:01,507 INFO    [main] Trade outcome logged -> A:\gitHub\Gold-MT5\gold_trading_system_mt5\data\trade_outcomes.csv
2026-08-24 19:24:01,507 INFO    [main] Trade outcome logged -> A:\gitHub\Gold-MT5\gold_trading_system_mt5\data\trade_outcomes.csv
2026-08-24 19:24:01,507 INFO    [main] Trade outcome logged -> A:\gitHub\Gold-MT5\gold_trading_system_mt5\data\trade_outcomes.csv
2026-08-24 19:24:01,507 INFO    [main] Trade outcome logged -> A:\gitHub\Gold-MT5\gold_trading_system_mt5\data\trade_outcomes.csv
2026-08-24 19:24:01,507 INFO    [main] Trade outcome logged -> A:\gitHub\Gold-MT5\gold_trading_system_mt5\data\trade_outcomes.csv
2026-08-24 19:24:01,507 INFO    [main] Trade outcome logged -> A:\gitHub\Gold-MT5\gold_trading_system_mt5\data\trade_outcomes.csv
2026-08-24 19:24:01,507 INFO    [main] Trade outcome logged -> A:\gitHub\Gold-MT5\gold_trading_system_mt5\data\trade_outcomes.csv
2026-08-24 19:24:01,507 INFO    [main] Trade outcome logged -> A:\gitHub\Gold-MT5\gold_trading_system_mt5\data\trade_outcomes.csv
2026-08-24 19:24:01,515 INFO    [mt5_signal_bridge] MT5 signal written -> C:\Users\Jafar\AppData\Roaming\MetaQuotes\Terminal\D0E8209F77C8CF37AD8BF550E51FF075\MQL5\Files\gold_signal.txt (direction=NEUTRAL, conf=0.0)
2026-08-24 19:24:01,517 INFO    [main] MT5 SIGNAL BRIDGE -> OK -> gold_signal.txt
2026-08-24 19:24:01,517 INFO    [main] Decision logged -> A:\gitHub\Gold-MT5\gold_trading_system_mt5\data\decisions_log.csv
2026-08-24 19:25:01,521 INFO    [step5_monitoring] STEP 5: --- loop iteration 44 ---
2026-08-24 19:25:01,526 INFO    [main] ======================================================================
2026-08-24 19:25:01,526 INFO    [main] GOLD TRADING SYSTEM — pipeline start (trade=XAUUSD+, timeframe=M1, source=mt5)
2026-08-24 19:25:01,543 INFO    [data_providers] MT5 provider connected (symbol=XAUUSD+, demo/live via terminal)
2026-08-24 19:25:02,926 INFO    [data_providers] MT5 provider: 50 ticks, 0 book updates for XAUUSD+ (spread 0.002%, H1/M15/M5 bars 60/60/100)
2026-08-24 19:25:02,926 INFO    [step1_data_acquisition] STEP 1: acquired mt5 data for XAUUSD+ (50 ticks)
2026-08-24 19:25:02,926 INFO    [main] STEP 1  DATA ACQUISITION -> OK (mt5, data=XAUUSD+ -> trade=XAUUSD+, has_data=True)
2026-08-24 19:25:02,976 INFO    [step2_market_analysis] analyze_market() -> SELL (strength=45.96, confidence=42.57, news=QUIET)
2026-08-24 19:25:02,982 INFO    [main] STEP 2: snapshot saved -> A:\gitHub\Gold-MT5\gold_trading_system_mt5\data\market_snapshot.json
2026-08-24 19:25:02,982 INFO    [main] STEP 2  MARKET ANALYSIS -> OK -> SELL (strength 46.0, confidence 42.6)
2026-08-24 19:25:03,021 WARNING [step3_ai_decision] STEP 3: 'google-generativeai' not installed (pip install google-generativeai) -> HOLD.
2026-08-24 19:25:03,022 INFO    [main] STEP 3  AI DECISION -> HOLD @ 0.0%
2026-08-24 19:25:03,046 INFO    [step4_mt5_execution] STEP 4: SKIPPED — confidence 0.0% < 70% (decision: HOLD).
2026-08-24 19:25:03,046 INFO    [main] STEP 4  EXECUTION -> SKIPPED — confidence 0.0% below threshold 70%
2026-08-24 19:25:03,046 INFO    [step5_monitoring] STEP 5: no open trades.
2026-08-24 19:25:03,058 INFO    [main] STEP 5  MONITORING -> OK
2026-08-24 19:25:03,075 INFO    [main] Trade outcome logged -> A:\gitHub\Gold-MT5\gold_trading_system_mt5\data\trade_outcomes.csv
2026-08-24 19:25:03,076 INFO    [main] Trade outcome logged -> A:\gitHub\Gold-MT5\gold_trading_system_mt5\data\trade_outcomes.csv
2026-08-24 19:25:03,076 INFO    [main] Trade outcome logged -> A:\gitHub\Gold-MT5\gold_trading_system_mt5\data\trade_outcomes.csv
2026-08-24 19:25:03,076 INFO    [main] Trade outcome logged -> A:\gitHub\Gold-MT5\gold_trading_system_mt5\data\trade_outcomes.csv
2026-08-24 19:25:03,078 INFO    [main] Trade outcome logged -> A:\gitHub\Gold-MT5\gold_trading_system_mt5\data\trade_outcomes.csv
2026-08-24 19:25:03,078 INFO    [main] Trade outcome logged -> A:\gitHub\Gold-MT5\gold_trading_system_mt5\data\trade_outcomes.csv
2026-08-24 19:25:03,078 INFO    [main] Trade outcome logged -> A:\gitHub\Gold-MT5\gold_trading_system_mt5\data\trade_outcomes.csv
2026-08-24 19:25:03,078 INFO    [main] Trade outcome logged -> A:\gitHub\Gold-MT5\gold_trading_system_mt5\data\trade_outcomes.csv
2026-08-24 19:25:03,078 INFO    [main] Trade outcome logged -> A:\gitHub\Gold-MT5\gold_trading_system_mt5\data\trade_outcomes.csv
2026-08-24 19:25:03,078 INFO    [mt5_signal_bridge] MT5 signal written -> C:\Users\Jafar\AppData\Roaming\MetaQuotes\Terminal\D0E8209F77C8CF37AD8BF550E51FF075\MQL5\Files\gold_signal.txt (direction=NEUTRAL, conf=0.0)
2026-08-24 19:25:03,078 INFO    [main] MT5 SIGNAL BRIDGE -> OK -> gold_signal.txt
2026-08-24 19:25:03,078 INFO    [main] Decision logged -> A:\gitHub\Gold-MT5\gold_trading_system_mt5\data\decisions_log.csv
2026-08-24 19:26:03,087 INFO    [step5_monitoring] STEP 5: --- loop iteration 45 ---
2026-08-24 19:26:03,092 INFO    [main] ======================================================================
2026-08-24 19:26:03,092 INFO    [main] GOLD TRADING SYSTEM — pipeline start (trade=XAUUSD+, timeframe=M1, source=mt5)
2026-08-24 19:26:03,111 INFO    [data_providers] MT5 provider connected (symbol=XAUUSD+, demo/live via terminal)
2026-08-24 19:26:04,554 INFO    [data_providers] MT5 provider: 50 ticks, 0 book updates for XAUUSD+ (spread 0.002%, H1/M15/M5 bars 60/60/100)
2026-08-24 19:26:04,555 INFO    [step1_data_acquisition] STEP 1: acquired mt5 data for XAUUSD+ (50 ticks)
2026-08-24 19:26:04,555 INFO    [main] STEP 1  DATA ACQUISITION -> OK (mt5, data=XAUUSD+ -> trade=XAUUSD+, has_data=True)
2026-08-24 19:26:04,577 INFO    [step2_market_analysis] analyze_market() -> SELL (strength=46.14, confidence=42.62, news=QUIET)
2026-08-24 19:26:04,577 INFO    [main] STEP 2: snapshot saved -> A:\gitHub\Gold-MT5\gold_trading_system_mt5\data\market_snapshot.json
2026-08-24 19:26:04,577 INFO    [main] STEP 2  MARKET ANALYSIS -> OK -> SELL (strength 46.1, confidence 42.6)
2026-08-24 19:26:04,594 WARNING [step3_ai_decision] STEP 3: 'google-generativeai' not installed (pip install google-generativeai) -> HOLD.
2026-08-24 19:26:04,594 INFO    [main] STEP 3  AI DECISION -> HOLD @ 0.0%
2026-08-24 19:26:04,611 INFO    [step4_mt5_execution] STEP 4: SKIPPED — confidence 0.0% < 70% (decision: HOLD).
2026-08-24 19:26:04,611 INFO    [main] STEP 4  EXECUTION -> SKIPPED — confidence 0.0% below threshold 70%
2026-08-24 19:26:04,629 INFO    [step5_monitoring] STEP 5: no open trades.
2026-08-24 19:26:04,629 INFO    [main] STEP 5  MONITORING -> OK
2026-08-24 19:26:04,637 INFO    [main] Trade outcome logged -> A:\gitHub\Gold-MT5\gold_trading_system_mt5\data\trade_outcomes.csv
2026-08-24 19:26:04,637 INFO    [main] Trade outcome logged -> A:\gitHub\Gold-MT5\gold_trading_system_mt5\data\trade_outcomes.csv
2026-08-24 19:26:04,644 INFO    [main] Trade outcome logged -> A:\gitHub\Gold-MT5\gold_trading_system_mt5\data\trade_outcomes.csv
2026-08-24 19:26:04,644 INFO    [main] Trade outcome logged -> A:\gitHub\Gold-MT5\gold_trading_system_mt5\data\trade_outcomes.csv
2026-08-24 19:26:04,644 INFO    [main] Trade outcome logged -> A:\gitHub\Gold-MT5\gold_trading_system_mt5\data\trade_outcomes.csv
2026-08-24 19:26:04,644 INFO    [main] Trade outcome logged -> A:\gitHub\Gold-MT5\gold_trading_system_mt5\data\trade_outcomes.csv
2026-08-24 19:26:04,644 INFO    [main] Trade outcome logged -> A:\gitHub\Gold-MT5\gold_trading_system_mt5\data\trade_outcomes.csv
2026-08-24 19:26:04,644 INFO    [main] Trade outcome logged -> A:\gitHub\Gold-MT5\gold_trading_system_mt5\data\trade_outcomes.csv
2026-08-24 19:26:04,644 INFO    [main] Trade outcome logged -> A:\gitHub\Gold-MT5\gold_trading_system_mt5\data\trade_outcomes.csv
2026-08-24 19:26:04,644 INFO    [mt5_signal_bridge] MT5 signal written -> C:\Users\Jafar\AppData\Roaming\MetaQuotes\Terminal\D0E8209F77C8CF37AD8BF550E51FF075\MQL5\Files\gold_signal.txt (direction=NEUTRAL, conf=0.0)
2026-08-24 19:26:04,644 INFO    [main] MT5 SIGNAL BRIDGE -> OK -> gold_signal.txt
2026-08-24 19:26:04,644 INFO    [main] Decision logged -> A:\gitHub\Gold-MT5\gold_trading_system_mt5\data\decisions_log.csv
2026-08-24 19:27:04,653 INFO    [step5_monitoring] STEP 5: --- loop iteration 46 ---
2026-08-24 19:27:04,657 INFO    [main] ======================================================================
2026-08-24 19:27:04,657 INFO    [main] GOLD TRADING SYSTEM — pipeline start (trade=XAUUSD+, timeframe=M1, source=mt5)
2026-08-24 19:27:04,674 INFO    [data_providers] MT5 provider connected (symbol=XAUUSD+, demo/live via terminal)
2026-08-24 19:27:06,083 INFO    [data_providers] MT5 provider: 50 ticks, 0 book updates for XAUUSD+ (spread 0.002%, H1/M15/M5 bars 60/60/100)
2026-08-24 19:27:06,084 INFO    [step1_data_acquisition] STEP 1: acquired mt5 data for XAUUSD+ (50 ticks)
2026-08-24 19:27:06,085 INFO    [main] STEP 1  DATA ACQUISITION -> OK (mt5, data=XAUUSD+ -> trade=XAUUSD+, has_data=True)
2026-08-24 19:27:06,113 INFO    [step2_market_analysis] analyze_market() -> SELL (strength=41.61, confidence=40.02, news=QUIET)
2026-08-24 19:27:06,116 INFO    [main] STEP 2: snapshot saved -> A:\gitHub\Gold-MT5\gold_trading_system_mt5\data\market_snapshot.json
2026-08-24 19:27:06,117 INFO    [main] STEP 2  MARKET ANALYSIS -> OK -> SELL (strength 41.6, confidence 40.0)
2026-08-24 19:27:06,139 WARNING [step3_ai_decision] STEP 3: 'google-generativeai' not installed (pip install google-generativeai) -> HOLD.
2026-08-24 19:27:06,139 INFO    [main] STEP 3  AI DECISION -> HOLD @ 0.0%
2026-08-24 19:27:06,169 INFO    [step4_mt5_execution] STEP 4: SKIPPED — confidence 0.0% < 70% (decision: HOLD).
2026-08-24 19:27:06,169 INFO    [main] STEP 4  EXECUTION -> SKIPPED — confidence 0.0% below threshold 70%
2026-08-24 19:27:06,195 INFO    [step5_monitoring] STEP 5: no open trades.
2026-08-24 19:27:06,201 INFO    [main] STEP 5  MONITORING -> OK
2026-08-24 19:27:06,224 INFO    [main] Trade outcome logged -> A:\gitHub\Gold-MT5\gold_trading_system_mt5\data\trade_outcomes.csv
2026-08-24 19:27:06,226 INFO    [main] Trade outcome logged -> A:\gitHub\Gold-MT5\gold_trading_system_mt5\data\trade_outcomes.csv
2026-08-24 19:27:06,229 INFO    [main] Trade outcome logged -> A:\gitHub\Gold-MT5\gold_trading_system_mt5\data\trade_outcomes.csv
2026-08-24 19:27:06,232 INFO    [main] Trade outcome logged -> A:\gitHub\Gold-MT5\gold_trading_system_mt5\data\trade_outcomes.csv
2026-08-24 19:27:06,232 INFO    [main] Trade outcome logged -> A:\gitHub\Gold-MT5\gold_trading_system_mt5\data\trade_outcomes.csv
2026-08-24 19:27:06,234 INFO    [main] Trade outcome logged -> A:\gitHub\Gold-MT5\gold_trading_system_mt5\data\trade_outcomes.csv
2026-08-24 19:27:06,234 INFO    [main] Trade outcome logged -> A:\gitHub\Gold-MT5\gold_trading_system_mt5\data\trade_outcomes.csv
2026-08-24 19:27:06,234 INFO    [main] Trade outcome logged -> A:\gitHub\Gold-MT5\gold_trading_system_mt5\data\trade_outcomes.csv
2026-08-24 19:27:06,236 INFO    [main] Trade outcome logged -> A:\gitHub\Gold-MT5\gold_trading_system_mt5\data\trade_outcomes.csv
2026-08-24 19:27:06,242 INFO    [mt5_signal_bridge] MT5 signal written -> C:\Users\Jafar\AppData\Roaming\MetaQuotes\Terminal\D0E8209F77C8CF37AD8BF550E51FF075\MQL5\Files\gold_signal.txt (direction=NEUTRAL, conf=0.0)
2026-08-24 19:27:06,243 INFO    [main] MT5 SIGNAL BRIDGE -> OK -> gold_signal.txt
2026-08-24 19:27:06,249 INFO    [main] Decision logged -> A:\gitHub\Gold-MT5\gold_trading_system_mt5\data\decisions_log.csv
2026-08-24 19:28:06,252 INFO    [step5_monitoring] STEP 5: --- loop iteration 47 ---
2026-08-24 19:28:06,252 INFO    [main] ======================================================================
2026-08-24 19:28:06,252 INFO    [main] GOLD TRADING SYSTEM — pipeline start (trade=XAUUSD+, timeframe=M1, source=mt5)
2026-08-24 19:28:06,265 INFO    [data_providers] MT5 provider connected (symbol=XAUUSD+, demo/live via terminal)
2026-08-24 19:28:07,619 INFO    [data_providers] MT5 provider: 50 ticks, 0 book updates for XAUUSD+ (spread 0.002%, H1/M15/M5 bars 60/60/100)
2026-08-24 19:28:07,619 INFO    [step1_data_acquisition] STEP 1: acquired mt5 data for XAUUSD+ (50 ticks)
2026-08-24 19:28:07,619 INFO    [main] STEP 1  DATA ACQUISITION -> OK (mt5, data=XAUUSD+ -> trade=XAUUSD+, has_data=True)
2026-08-24 19:28:07,660 INFO    [step2_market_analysis] analyze_market() -> SELL (strength=41.4, confidence=39.96, news=QUIET)
2026-08-24 19:28:07,665 INFO    [main] STEP 2: snapshot saved -> A:\gitHub\Gold-MT5\gold_trading_system_mt5\data\market_snapshot.json
2026-08-24 19:28:07,665 INFO    [main] STEP 2  MARKET ANALYSIS -> OK -> SELL (strength 41.4, confidence 40.0)
2026-08-24 19:28:07,685 WARNING [step3_ai_decision] STEP 3: 'google-generativeai' not installed (pip install google-generativeai) -> HOLD.
2026-08-24 19:28:07,685 INFO    [main] STEP 3  AI DECISION -> HOLD @ 0.0%
2026-08-24 19:28:07,717 INFO    [step4_mt5_execution] STEP 4: SKIPPED — confidence 0.0% < 70% (decision: HOLD).
2026-08-24 19:28:07,717 INFO    [main] STEP 4  EXECUTION -> SKIPPED — confidence 0.0% below threshold 70%
2026-08-24 19:28:07,733 INFO    [step5_monitoring] STEP 5: no open trades.
2026-08-24 19:28:07,733 INFO    [main] STEP 5  MONITORING -> OK
2026-08-24 19:28:07,754 INFO    [main] Trade outcome logged -> A:\gitHub\Gold-MT5\gold_trading_system_mt5\data\trade_outcomes.csv
2026-08-24 19:28:07,754 INFO    [main] Trade outcome logged -> A:\gitHub\Gold-MT5\gold_trading_system_mt5\data\trade_outcomes.csv
2026-08-24 19:28:07,754 INFO    [main] Trade outcome logged -> A:\gitHub\Gold-MT5\gold_trading_system_mt5\data\trade_outcomes.csv
2026-08-24 19:28:07,754 INFO    [main] Trade outcome logged -> A:\gitHub\Gold-MT5\gold_trading_system_mt5\data\trade_outcomes.csv
2026-08-24 19:28:07,754 INFO    [main] Trade outcome logged -> A:\gitHub\Gold-MT5\gold_trading_system_mt5\data\trade_outcomes.csv
2026-08-24 19:28:07,754 INFO    [main] Trade outcome logged -> A:\gitHub\Gold-MT5\gold_trading_system_mt5\data\trade_outcomes.csv
2026-08-24 19:28:07,764 INFO    [main] Trade outcome logged -> A:\gitHub\Gold-MT5\gold_trading_system_mt5\data\trade_outcomes.csv
2026-08-24 19:28:07,765 INFO    [main] Trade outcome logged -> A:\gitHub\Gold-MT5\gold_trading_system_mt5\data\trade_outcomes.csv
2026-08-24 19:28:07,765 INFO    [main] Trade outcome logged -> A:\gitHub\Gold-MT5\gold_trading_system_mt5\data\trade_outcomes.csv
2026-08-24 19:28:07,765 INFO    [mt5_signal_bridge] MT5 signal written -> C:\Users\Jafar\AppData\Roaming\MetaQuotes\Terminal\D0E8209F77C8CF37AD8BF550E51FF075\MQL5\Files\gold_signal.txt (direction=NEUTRAL, conf=0.0)
2026-08-24 19:28:07,765 INFO    [main] MT5 SIGNAL BRIDGE -> OK -> gold_signal.txt
2026-08-24 19:28:07,765 INFO    [main] Decision logged -> A:\gitHub\Gold-MT5\gold_trading_system_mt5\data\decisions_log.csv
2026-08-24 19:29:07,771 INFO    [step5_monitoring] STEP 5: --- loop iteration 48 ---
2026-08-24 19:29:07,774 INFO    [main] ======================================================================
2026-08-24 19:29:07,775 INFO    [main] GOLD TRADING SYSTEM — pipeline start (trade=XAUUSD+, timeframe=M1, source=mt5)
2026-08-24 19:29:07,789 INFO    [data_providers] MT5 provider connected (symbol=XAUUSD+, demo/live via terminal)
2026-08-24 19:29:09,232 INFO    [data_providers] MT5 provider: 50 ticks, 0 book updates for XAUUSD+ (spread 0.002%, H1/M15/M5 bars 60/60/100)
2026-08-24 19:29:09,234 INFO    [step1_data_acquisition] STEP 1: acquired mt5 data for XAUUSD+ (50 ticks)
2026-08-24 19:29:09,234 INFO    [main] STEP 1  DATA ACQUISITION -> OK (mt5, data=XAUUSD+ -> trade=XAUUSD+, has_data=True)
2026-08-24 19:29:09,249 INFO    [step2_market_analysis] analyze_market() -> SELL (strength=28.55, confidence=32.14, news=QUIET)
2026-08-24 19:29:09,258 INFO    [main] STEP 2: snapshot saved -> A:\gitHub\Gold-MT5\gold_trading_system_mt5\data\market_snapshot.json
2026-08-24 19:29:09,258 INFO    [main] STEP 2  MARKET ANALYSIS -> OK -> SELL (strength 28.6, confidence 32.1)
2026-08-24 19:29:09,277 WARNING [step3_ai_decision] STEP 3: 'google-generativeai' not installed (pip install google-generativeai) -> HOLD.
2026-08-24 19:29:09,277 INFO    [main] STEP 3  AI DECISION -> HOLD @ 0.0%
2026-08-24 19:29:09,301 INFO    [step4_mt5_execution] STEP 4: SKIPPED — confidence 0.0% < 70% (decision: HOLD).
2026-08-24 19:29:09,303 INFO    [main] STEP 4  EXECUTION -> SKIPPED — confidence 0.0% below threshold 70%
2026-08-24 19:29:09,315 INFO    [step5_monitoring] STEP 5: no open trades.
2026-08-24 19:29:09,315 INFO    [main] STEP 5  MONITORING -> OK
2026-08-24 19:29:09,334 INFO    [main] Trade outcome logged -> A:\gitHub\Gold-MT5\gold_trading_system_mt5\data\trade_outcomes.csv
2026-08-24 19:29:09,335 INFO    [main] Trade outcome logged -> A:\gitHub\Gold-MT5\gold_trading_system_mt5\data\trade_outcomes.csv
2026-08-24 19:29:09,336 INFO    [main] Trade outcome logged -> A:\gitHub\Gold-MT5\gold_trading_system_mt5\data\trade_outcomes.csv
2026-08-24 19:29:09,337 INFO    [main] Trade outcome logged -> A:\gitHub\Gold-MT5\gold_trading_system_mt5\data\trade_outcomes.csv
2026-08-24 19:29:09,338 INFO    [main] Trade outcome logged -> A:\gitHub\Gold-MT5\gold_trading_system_mt5\data\trade_outcomes.csv
2026-08-24 19:29:09,340 INFO    [main] Trade outcome logged -> A:\gitHub\Gold-MT5\gold_trading_system_mt5\data\trade_outcomes.csv
2026-08-24 19:29:09,340 INFO    [main] Trade outcome logged -> A:\gitHub\Gold-MT5\gold_trading_system_mt5\data\trade_outcomes.csv
2026-08-24 19:29:09,341 INFO    [main] Trade outcome logged -> A:\gitHub\Gold-MT5\gold_trading_system_mt5\data\trade_outcomes.csv
2026-08-24 19:29:09,342 INFO    [main] Trade outcome logged -> A:\gitHub\Gold-MT5\gold_trading_system_mt5\data\trade_outcomes.csv
2026-08-24 19:29:09,344 INFO    [mt5_signal_bridge] MT5 signal written -> C:\Users\Jafar\AppData\Roaming\MetaQuotes\Terminal\D0E8209F77C8CF37AD8BF550E51FF075\MQL5\Files\gold_signal.txt (direction=NEUTRAL, conf=0.0)
2026-08-24 19:29:09,345 INFO    [main] MT5 SIGNAL BRIDGE -> OK -> gold_signal.txt
2026-08-24 19:29:09,345 INFO    [main] Decision logged -> A:\gitHub\Gold-MT5\gold_trading_system_mt5\data\decisions_log.csv
2026-08-24 19:30:09,349 INFO    [step5_monitoring] STEP 5: --- loop iteration 49 ---
2026-08-24 19:30:09,352 INFO    [main] ======================================================================
2026-08-24 19:30:09,352 INFO    [main] GOLD TRADING SYSTEM — pipeline start (trade=XAUUSD+, timeframe=M1, source=mt5)
2026-08-24 19:30:09,378 INFO    [data_providers] MT5 provider connected (symbol=XAUUSD+, demo/live via terminal)
2026-08-24 19:30:10,754 INFO    [data_providers] MT5 provider: 50 ticks, 0 book updates for XAUUSD+ (spread 0.002%, H1/M15/M5 bars 60/60/100)
2026-08-24 19:30:10,754 INFO    [step1_data_acquisition] STEP 1: acquired mt5 data for XAUUSD+ (50 ticks)
2026-08-24 19:30:10,754 INFO    [main] STEP 1  DATA ACQUISITION -> OK (mt5, data=XAUUSD+ -> trade=XAUUSD+, has_data=True)
2026-08-24 19:30:10,776 INFO    [step2_market_analysis] analyze_market() -> SELL (strength=39.41, confidence=39.4, news=QUIET)
2026-08-24 19:30:10,776 INFO    [main] STEP 2: snapshot saved -> A:\gitHub\Gold-MT5\gold_trading_system_mt5\data\market_snapshot.json
2026-08-24 19:30:10,776 INFO    [main] STEP 2  MARKET ANALYSIS -> OK -> SELL (strength 39.4, confidence 39.4)
2026-08-24 19:30:10,805 WARNING [step3_ai_decision] STEP 3: 'google-generativeai' not installed (pip install google-generativeai) -> HOLD.
2026-08-24 19:30:10,805 INFO    [main] STEP 3  AI DECISION -> HOLD @ 0.0%
2026-08-24 19:30:10,837 INFO    [step4_mt5_execution] STEP 4: SKIPPED — confidence 0.0% < 70% (decision: HOLD).
2026-08-24 19:30:10,837 INFO    [main] STEP 4  EXECUTION -> SKIPPED — confidence 0.0% below threshold 70%
2026-08-24 19:30:10,850 INFO    [step5_monitoring] STEP 5: no open trades.
2026-08-24 19:30:10,850 INFO    [main] STEP 5  MONITORING -> OK
2026-08-24 19:30:10,863 INFO    [main] Trade outcome logged -> A:\gitHub\Gold-MT5\gold_trading_system_mt5\data\trade_outcomes.csv
2026-08-24 19:30:10,864 INFO    [main] Trade outcome logged -> A:\gitHub\Gold-MT5\gold_trading_system_mt5\data\trade_outcomes.csv
2026-08-24 19:30:10,865 INFO    [main] Trade outcome logged -> A:\gitHub\Gold-MT5\gold_trading_system_mt5\data\trade_outcomes.csv
2026-08-24 19:30:10,866 INFO    [main] Trade outcome logged -> A:\gitHub\Gold-MT5\gold_trading_system_mt5\data\trade_outcomes.csv
2026-08-24 19:30:10,866 INFO    [main] Trade outcome logged -> A:\gitHub\Gold-MT5\gold_trading_system_mt5\data\trade_outcomes.csv
2026-08-24 19:30:10,868 INFO    [main] Trade outcome logged -> A:\gitHub\Gold-MT5\gold_trading_system_mt5\data\trade_outcomes.csv
2026-08-24 19:30:10,869 INFO    [main] Trade outcome logged -> A:\gitHub\Gold-MT5\gold_trading_system_mt5\data\trade_outcomes.csv
2026-08-24 19:30:10,869 INFO    [main] Trade outcome logged -> A:\gitHub\Gold-MT5\gold_trading_system_mt5\data\trade_outcomes.csv
2026-08-24 19:30:10,870 INFO    [main] Trade outcome logged -> A:\gitHub\Gold-MT5\gold_trading_system_mt5\data\trade_outcomes.csv
2026-08-24 19:30:10,871 INFO    [mt5_signal_bridge] MT5 signal written -> C:\Users\Jafar\AppData\Roaming\MetaQuotes\Terminal\D0E8209F77C8CF37AD8BF550E51FF075\MQL5\Files\gold_signal.txt (direction=NEUTRAL, conf=0.0)
2026-08-24 19:30:10,871 INFO    [main] MT5 SIGNAL BRIDGE -> OK -> gold_signal.txt
2026-08-24 19:30:10,872 INFO    [main] Decision logged -> A:\gitHub\Gold-MT5\gold_trading_system_mt5\data\decisions_log.csv
2026-08-24 19:31:10,875 INFO    [step5_monitoring] STEP 5: --- loop iteration 50 ---
2026-08-24 19:31:10,875 INFO    [main] ======================================================================
2026-08-24 19:31:10,875 INFO    [main] GOLD TRADING SYSTEM — pipeline start (trade=XAUUSD+, timeframe=M1, source=mt5)
2026-08-24 19:31:10,892 INFO    [data_providers] MT5 provider connected (symbol=XAUUSD+, demo/live via terminal)
2026-08-24 19:31:12,235 INFO    [data_providers] MT5 provider: 50 ticks, 0 book updates for XAUUSD+ (spread 0.002%, H1/M15/M5 bars 60/60/100)
2026-08-24 19:31:12,237 INFO    [step1_data_acquisition] STEP 1: acquired mt5 data for XAUUSD+ (50 ticks)
2026-08-24 19:31:12,237 INFO    [main] STEP 1  DATA ACQUISITION -> OK (mt5, data=XAUUSD+ -> trade=XAUUSD+, has_data=True)
2026-08-24 19:31:12,237 INFO    [step2_market_analysis] analyze_market() -> SELL (strength=30.47, confidence=34.03, news=QUIET)
2026-08-24 19:31:12,254 INFO    [main] STEP 2: snapshot saved -> A:\gitHub\Gold-MT5\gold_trading_system_mt5\data\market_snapshot.json
2026-08-24 19:31:12,254 INFO    [main] STEP 2  MARKET ANALYSIS -> OK -> SELL (strength 30.5, confidence 34.0)
2026-08-24 19:31:12,278 WARNING [step3_ai_decision] STEP 3: 'google-generativeai' not installed (pip install google-generativeai) -> HOLD.
2026-08-24 19:31:12,278 INFO    [main] STEP 3  AI DECISION -> HOLD @ 0.0%
2026-08-24 19:31:12,309 INFO    [step4_mt5_execution] STEP 4: SKIPPED — confidence 0.0% < 70% (decision: HOLD).
2026-08-24 19:31:12,309 INFO    [main] STEP 4  EXECUTION -> SKIPPED — confidence 0.0% below threshold 70%
2026-08-24 19:31:12,320 INFO    [step5_monitoring] STEP 5: no open trades.
2026-08-24 19:31:12,320 INFO    [main] STEP 5  MONITORING -> OK
2026-08-24 19:31:12,342 INFO    [main] Trade outcome logged -> A:\gitHub\Gold-MT5\gold_trading_system_mt5\data\trade_outcomes.csv
2026-08-24 19:31:12,342 INFO    [main] Trade outcome logged -> A:\gitHub\Gold-MT5\gold_trading_system_mt5\data\trade_outcomes.csv
2026-08-24 19:31:12,342 INFO    [main] Trade outcome logged -> A:\gitHub\Gold-MT5\gold_trading_system_mt5\data\trade_outcomes.csv
2026-08-24 19:31:12,342 INFO    [main] Trade outcome logged -> A:\gitHub\Gold-MT5\gold_trading_system_mt5\data\trade_outcomes.csv
2026-08-24 19:31:12,342 INFO    [main] Trade outcome logged -> A:\gitHub\Gold-MT5\gold_trading_system_mt5\data\trade_outcomes.csv
2026-08-24 19:31:12,342 INFO    [main] Trade outcome logged -> A:\gitHub\Gold-MT5\gold_trading_system_mt5\data\trade_outcomes.csv
2026-08-24 19:31:12,342 INFO    [main] Trade outcome logged -> A:\gitHub\Gold-MT5\gold_trading_system_mt5\data\trade_outcomes.csv
2026-08-24 19:31:12,342 INFO    [main] Trade outcome logged -> A:\gitHub\Gold-MT5\gold_trading_system_mt5\data\trade_outcomes.csv
2026-08-24 19:31:12,351 INFO    [main] Trade outcome logged -> A:\gitHub\Gold-MT5\gold_trading_system_mt5\data\trade_outcomes.csv
2026-08-24 19:31:12,351 INFO    [mt5_signal_bridge] MT5 signal written -> C:\Users\Jafar\AppData\Roaming\MetaQuotes\Terminal\D0E8209F77C8CF37AD8BF550E51FF075\MQL5\Files\gold_signal.txt (direction=NEUTRAL, conf=0.0)
2026-08-24 19:31:12,351 INFO    [main] MT5 SIGNAL BRIDGE -> OK -> gold_signal.txt
2026-08-24 19:31:12,351 INFO    [main] Decision logged -> A:\gitHub\Gold-MT5\gold_trading_system_mt5\data\decisions_log.csv
2026-08-24 19:32:12,360 INFO    [step5_monitoring] STEP 5: --- loop iteration 51 ---
2026-08-24 19:32:12,366 INFO    [main] ======================================================================
2026-08-24 19:32:12,370 INFO    [main] GOLD TRADING SYSTEM — pipeline start (trade=XAUUSD+, timeframe=M1, source=mt5)
2026-08-24 19:32:12,382 INFO    [data_providers] MT5 provider connected (symbol=XAUUSD+, demo/live via terminal)
2026-08-24 19:32:13,927 INFO    [data_providers] MT5 provider: 50 ticks, 0 book updates for XAUUSD+ (spread 0.002%, H1/M15/M5 bars 60/60/100)
2026-08-24 19:32:13,927 INFO    [step1_data_acquisition] STEP 1: acquired mt5 data for XAUUSD+ (50 ticks)
2026-08-24 19:32:13,927 INFO    [main] STEP 1  DATA ACQUISITION -> OK (mt5, data=XAUUSD+ -> trade=XAUUSD+, has_data=True)
2026-08-24 19:32:13,968 INFO    [step2_market_analysis] analyze_market() -> SELL (strength=27.88, confidence=31.97, news=QUIET)
2026-08-24 19:32:13,972 INFO    [main] STEP 2: snapshot saved -> A:\gitHub\Gold-MT5\gold_trading_system_mt5\data\market_snapshot.json
2026-08-24 19:32:13,974 INFO    [main] STEP 2  MARKET ANALYSIS -> OK -> SELL (strength 27.9, confidence 32.0)
2026-08-24 19:32:13,984 WARNING [step3_ai_decision] STEP 3: 'google-generativeai' not installed (pip install google-generativeai) -> HOLD.
2026-08-24 19:32:13,984 INFO    [main] STEP 3  AI DECISION -> HOLD @ 0.0%
2026-08-24 19:32:14,021 INFO    [step4_mt5_execution] STEP 4: SKIPPED — confidence 0.0% < 70% (decision: HOLD).
2026-08-24 19:32:14,022 INFO    [main] STEP 4  EXECUTION -> SKIPPED — confidence 0.0% below threshold 70%
2026-08-24 19:32:14,037 INFO    [step5_monitoring] STEP 5: no open trades.
2026-08-24 19:32:14,037 INFO    [main] STEP 5  MONITORING -> OK
2026-08-24 19:32:14,047 INFO    [main] Trade outcome logged -> A:\gitHub\Gold-MT5\gold_trading_system_mt5\data\trade_outcomes.csv
2026-08-24 19:32:14,047 INFO    [main] Trade outcome logged -> A:\gitHub\Gold-MT5\gold_trading_system_mt5\data\trade_outcomes.csv
2026-08-24 19:32:14,053 INFO    [main] Trade outcome logged -> A:\gitHub\Gold-MT5\gold_trading_system_mt5\data\trade_outcomes.csv
2026-08-24 19:32:14,053 INFO    [main] Trade outcome logged -> A:\gitHub\Gold-MT5\gold_trading_system_mt5\data\trade_outcomes.csv
2026-08-24 19:32:14,053 INFO    [main] Trade outcome logged -> A:\gitHub\Gold-MT5\gold_trading_system_mt5\data\trade_outcomes.csv
2026-08-24 19:32:14,053 INFO    [main] Trade outcome logged -> A:\gitHub\Gold-MT5\gold_trading_system_mt5\data\trade_outcomes.csv
2026-08-24 19:32:14,053 INFO    [main] Trade outcome logged -> A:\gitHub\Gold-MT5\gold_trading_system_mt5\data\trade_outcomes.csv
2026-08-24 19:32:14,053 INFO    [main] Trade outcome logged -> A:\gitHub\Gold-MT5\gold_trading_system_mt5\data\trade_outcomes.csv
2026-08-24 19:32:14,053 INFO    [main] Trade outcome logged -> A:\gitHub\Gold-MT5\gold_trading_system_mt5\data\trade_outcomes.csv
2026-08-24 19:32:14,053 INFO    [mt5_signal_bridge] MT5 signal written -> C:\Users\Jafar\AppData\Roaming\MetaQuotes\Terminal\D0E8209F77C8CF37AD8BF550E51FF075\MQL5\Files\gold_signal.txt (direction=NEUTRAL, conf=0.0)
2026-08-24 19:32:14,058 INFO    [main] MT5 SIGNAL BRIDGE -> OK -> gold_signal.txt
2026-08-24 19:32:14,058 INFO    [main] Decision logged -> A:\gitHub\Gold-MT5\gold_trading_system_mt5\data\decisions_log.csv
2026-08-24 19:33:14,064 INFO    [step5_monitoring] STEP 5: --- loop iteration 52 ---
2026-08-24 19:33:14,064 INFO    [main] ======================================================================
2026-08-24 19:33:14,064 INFO    [main] GOLD TRADING SYSTEM — pipeline start (trade=XAUUSD+, timeframe=M1, source=mt5)
2026-08-24 19:33:14,088 INFO    [data_providers] MT5 provider connected (symbol=XAUUSD+, demo/live via terminal)
2026-08-24 19:33:15,546 INFO    [data_providers] MT5 provider: 50 ticks, 0 book updates for XAUUSD+ (spread 0.002%, H1/M15/M5 bars 60/60/100)
2026-08-24 19:33:15,555 INFO    [step1_data_acquisition] STEP 1: acquired mt5 data for XAUUSD+ (50 ticks)
2026-08-24 19:33:15,555 INFO    [main] STEP 1  DATA ACQUISITION -> OK (mt5, data=XAUUSD+ -> trade=XAUUSD+, has_data=True)
2026-08-24 19:33:15,591 INFO    [step2_market_analysis] analyze_market() -> SELL (strength=30.41, confidence=34.02, news=QUIET)
2026-08-24 19:33:15,591 INFO    [main] STEP 2: snapshot saved -> A:\gitHub\Gold-MT5\gold_trading_system_mt5\data\market_snapshot.json
2026-08-24 19:33:15,591 INFO    [main] STEP 2  MARKET ANALYSIS -> OK -> SELL (strength 30.4, confidence 34.0)
2026-08-24 19:33:15,615 WARNING [step3_ai_decision] STEP 3: 'google-generativeai' not installed (pip install google-generativeai) -> HOLD.
2026-08-24 19:33:15,615 INFO    [main] STEP 3  AI DECISION -> HOLD @ 0.0%
2026-08-24 19:33:15,657 INFO    [step4_mt5_execution] STEP 4: SKIPPED — confidence 0.0% < 70% (decision: HOLD).
2026-08-24 19:33:15,657 INFO    [main] STEP 4  EXECUTION -> SKIPPED — confidence 0.0% below threshold 70%
2026-08-24 19:33:15,675 INFO    [step5_monitoring] STEP 5: no open trades.
2026-08-24 19:33:15,675 INFO    [main] STEP 5  MONITORING -> OK
2026-08-24 19:33:15,688 INFO    [main] Trade outcome logged -> A:\gitHub\Gold-MT5\gold_trading_system_mt5\data\trade_outcomes.csv
2026-08-24 19:33:15,688 INFO    [main] Trade outcome logged -> A:\gitHub\Gold-MT5\gold_trading_system_mt5\data\trade_outcomes.csv
2026-08-24 19:33:15,688 INFO    [main] Trade outcome logged -> A:\gitHub\Gold-MT5\gold_trading_system_mt5\data\trade_outcomes.csv
2026-08-24 19:33:15,688 INFO    [main] Trade outcome logged -> A:\gitHub\Gold-MT5\gold_trading_system_mt5\data\trade_outcomes.csv
2026-08-24 19:33:15,688 INFO    [main] Trade outcome logged -> A:\gitHub\Gold-MT5\gold_trading_system_mt5\data\trade_outcomes.csv
2026-08-24 19:33:15,688 INFO    [main] Trade outcome logged -> A:\gitHub\Gold-MT5\gold_trading_system_mt5\data\trade_outcomes.csv
2026-08-24 19:33:15,688 INFO    [main] Trade outcome logged -> A:\gitHub\Gold-MT5\gold_trading_system_mt5\data\trade_outcomes.csv
2026-08-24 19:33:15,688 INFO    [main] Trade outcome logged -> A:\gitHub\Gold-MT5\gold_trading_system_mt5\data\trade_outcomes.csv
2026-08-24 19:33:15,688 INFO    [main] Trade outcome logged -> A:\gitHub\Gold-MT5\gold_trading_system_mt5\data\trade_outcomes.csv
2026-08-24 19:33:15,702 INFO    [mt5_signal_bridge] MT5 signal written -> C:\Users\Jafar\AppData\Roaming\MetaQuotes\Terminal\D0E8209F77C8CF37AD8BF550E51FF075\MQL5\Files\gold_signal.txt (direction=NEUTRAL, conf=0.0)
2026-08-24 19:33:15,702 INFO    [main] MT5 SIGNAL BRIDGE -> OK -> gold_signal.txt
2026-08-24 19:33:15,705 INFO    [main] Decision logged -> A:\gitHub\Gold-MT5\gold_trading_system_mt5\data\decisions_log.csv
2026-08-24 19:34:15,708 INFO    [step5_monitoring] STEP 5: --- loop iteration 53 ---
2026-08-24 19:34:15,725 INFO    [main] ======================================================================
2026-08-24 19:34:15,725 INFO    [main] GOLD TRADING SYSTEM — pipeline start (trade=XAUUSD+, timeframe=M1, source=mt5)
2026-08-24 19:34:15,752 INFO    [data_providers] MT5 provider connected (symbol=XAUUSD+, demo/live via terminal)
2026-08-24 19:34:17,682 INFO    [data_providers] MT5 provider: 50 ticks, 0 book updates for XAUUSD+ (spread 0.002%, H1/M15/M5 bars 60/60/100)
2026-08-24 19:34:17,684 INFO    [step1_data_acquisition] STEP 1: acquired mt5 data for XAUUSD+ (50 ticks)
2026-08-24 19:34:17,685 INFO    [main] STEP 1  DATA ACQUISITION -> OK (mt5, data=XAUUSD+ -> trade=XAUUSD+, has_data=True)
2026-08-24 19:34:17,739 INFO    [step2_market_analysis] analyze_market() -> SELL (strength=30.23, confidence=33.97, news=QUIET)
2026-08-24 19:34:17,760 INFO    [main] STEP 2: snapshot saved -> A:\gitHub\Gold-MT5\gold_trading_system_mt5\data\market_snapshot.json
2026-08-24 19:34:17,762 INFO    [main] STEP 2  MARKET ANALYSIS -> OK -> SELL (strength 30.2, confidence 34.0)
2026-08-24 19:34:17,802 WARNING [step3_ai_decision] STEP 3: 'google-generativeai' not installed (pip install google-generativeai) -> HOLD.
2026-08-24 19:34:17,802 INFO    [main] STEP 3  AI DECISION -> HOLD @ 0.0%
2026-08-24 19:34:17,864 INFO    [step4_mt5_execution] STEP 4: SKIPPED — confidence 0.0% < 70% (decision: HOLD).
2026-08-24 19:34:17,864 INFO    [main] STEP 4  EXECUTION -> SKIPPED — confidence 0.0% below threshold 70%
2026-08-24 19:34:17,889 INFO    [step5_monitoring] STEP 5: no open trades.
2026-08-24 19:34:17,889 INFO    [main] STEP 5  MONITORING -> OK
2026-08-24 19:34:17,916 INFO    [main] Trade outcome logged -> A:\gitHub\Gold-MT5\gold_trading_system_mt5\data\trade_outcomes.csv
2026-08-24 19:34:17,916 INFO    [main] Trade outcome logged -> A:\gitHub\Gold-MT5\gold_trading_system_mt5\data\trade_outcomes.csv
2026-08-24 19:34:17,918 INFO    [main] Trade outcome logged -> A:\gitHub\Gold-MT5\gold_trading_system_mt5\data\trade_outcomes.csv
2026-08-24 19:34:17,921 INFO    [main] Trade outcome logged -> A:\gitHub\Gold-MT5\gold_trading_system_mt5\data\trade_outcomes.csv
2026-08-24 19:34:17,924 INFO    [main] Trade outcome logged -> A:\gitHub\Gold-MT5\gold_trading_system_mt5\data\trade_outcomes.csv
2026-08-24 19:34:17,926 INFO    [main] Trade outcome logged -> A:\gitHub\Gold-MT5\gold_trading_system_mt5\data\trade_outcomes.csv
2026-08-24 19:34:17,927 INFO    [main] Trade outcome logged -> A:\gitHub\Gold-MT5\gold_trading_system_mt5\data\trade_outcomes.csv
2026-08-24 19:34:17,928 INFO    [main] Trade outcome logged -> A:\gitHub\Gold-MT5\gold_trading_system_mt5\data\trade_outcomes.csv
2026-08-24 19:34:17,930 INFO    [main] Trade outcome logged -> A:\gitHub\Gold-MT5\gold_trading_system_mt5\data\trade_outcomes.csv
2026-08-24 19:34:17,936 INFO    [mt5_signal_bridge] MT5 signal written -> C:\Users\Jafar\AppData\Roaming\MetaQuotes\Terminal\D0E8209F77C8CF37AD8BF550E51FF075\MQL5\Files\gold_signal.txt (direction=NEUTRAL, conf=0.0)
2026-08-24 19:34:17,938 INFO    [main] MT5 SIGNAL BRIDGE -> OK -> gold_signal.txt
2026-08-24 19:34:17,941 INFO    [main] Decision logged -> A:\gitHub\Gold-MT5\gold_trading_system_mt5\data\decisions_log.csv
2026-08-24 19:35:17,946 INFO    [step5_monitoring] STEP 5: --- loop iteration 54 ---
2026-08-24 19:35:17,946 INFO    [main] ======================================================================
2026-08-24 19:35:17,946 INFO    [main] GOLD TRADING SYSTEM — pipeline start (trade=XAUUSD+, timeframe=M1, source=mt5)
2026-08-24 19:35:17,970 INFO    [data_providers] MT5 provider connected (symbol=XAUUSD+, demo/live via terminal)
2026-08-24 19:35:18,981 INFO    [data_providers] MT5 provider: 0 ticks, 0 book updates for XAUUSD+ (spread 0.002%, H1/M15/M5 bars 0/0/0)
2026-08-24 19:35:18,981 INFO    [step1_data_acquisition] STEP 1: acquired mt5 data for XAUUSD+ (0 ticks)
2026-08-24 19:35:18,981 INFO    [main] STEP 1  DATA ACQUISITION -> OK (mt5, data=XAUUSD+ -> trade=XAUUSD+, has_data=False)
2026-08-24 19:35:18,991 INFO    [step2_market_analysis] analyze_market() -> NEUTRAL (strength=0.8, confidence=44.1, news=QUIET)
2026-08-24 19:35:19,008 INFO    [main] STEP 2: snapshot saved -> A:\gitHub\Gold-MT5\gold_trading_system_mt5\data\market_snapshot.json
2026-08-24 19:35:19,008 INFO    [main] STEP 2  MARKET ANALYSIS -> OK -> NEUTRAL (strength 0.8, confidence 44.1)
2026-08-24 19:35:19,008 INFO    [main] STEP 3  AI DECISION -> HOLD (signal 0.8 < 8, AI skipped)
2026-08-24 19:35:19,010 INFO    [main] SAFETY: FEED -> STALE/EMPTY — age 0s — no trading
2026-08-24 19:35:19,010 INFO    [step4_mt5_execution] STEP 4: SKIPPED — confidence 0.0% < 70% (decision: HOLD).
2026-08-24 19:35:19,010 INFO    [main] STEP 4  EXECUTION -> SKIPPED — confidence 0.0% below threshold 70%
2026-08-24 19:35:24,672 INFO    [step5_monitoring] STEP 5: no open trades.
2026-08-24 19:35:24,672 INFO    [main] STEP 5  MONITORING -> OK
2026-08-24 19:35:24,691 INFO    [main] Trade outcome logged -> A:\gitHub\Gold-MT5\gold_trading_system_mt5\data\trade_outcomes.csv
2026-08-24 19:35:24,692 INFO    [main] Trade outcome logged -> A:\gitHub\Gold-MT5\gold_trading_system_mt5\data\trade_outcomes.csv
2026-08-24 19:35:24,693 INFO    [main] Trade outcome logged -> A:\gitHub\Gold-MT5\gold_trading_system_mt5\data\trade_outcomes.csv
2026-08-24 19:35:24,694 INFO    [main] Trade outcome logged -> A:\gitHub\Gold-MT5\gold_trading_system_mt5\data\trade_outcomes.csv
2026-08-24 19:35:24,694 INFO    [main] Trade outcome logged -> A:\gitHub\Gold-MT5\gold_trading_system_mt5\data\trade_outcomes.csv
2026-08-24 19:35:24,695 INFO    [main] Trade outcome logged -> A:\gitHub\Gold-MT5\gold_trading_system_mt5\data\trade_outcomes.csv
2026-08-24 19:35:24,696 INFO    [main] Trade outcome logged -> A:\gitHub\Gold-MT5\gold_trading_system_mt5\data\trade_outcomes.csv
2026-08-24 19:35:24,696 INFO    [main] Trade outcome logged -> A:\gitHub\Gold-MT5\gold_trading_system_mt5\data\trade_outcomes.csv
2026-08-24 19:35:24,697 INFO    [main] Trade outcome logged -> A:\gitHub\Gold-MT5\gold_trading_system_mt5\data\trade_outcomes.csv
2026-08-24 19:35:24,700 INFO    [mt5_signal_bridge] MT5 signal written -> C:\Users\Jafar\AppData\Roaming\MetaQuotes\Terminal\D0E8209F77C8CF37AD8BF550E51FF075\MQL5\Files\gold_signal.txt (direction=NEUTRAL, conf=0.0)
2026-08-24 19:35:24,700 INFO    [main] MT5 SIGNAL BRIDGE -> OK -> gold_signal.txt
2026-08-24 19:35:24,701 INFO    [main] Decision logged -> A:\gitHub\Gold-MT5\gold_trading_system_mt5\data\decisions_log.csv
2026-08-24 19:36:24,704 INFO    [step5_monitoring] STEP 5: --- loop iteration 55 ---
2026-08-24 19:36:24,708 INFO    [main] ======================================================================
2026-08-24 19:36:24,710 INFO    [main] GOLD TRADING SYSTEM — pipeline start (trade=XAUUSD+, timeframe=M1, source=mt5)
2026-08-24 19:36:27,128 INFO    [data_providers] MT5 provider connected (symbol=XAUUSD+, demo/live via terminal)
2026-08-24 19:36:29,192 INFO    [data_providers] MT5 provider: 50 ticks, 0 book updates for XAUUSD+ (spread 0.002%, H1/M15/M5 bars 60/60/100)
2026-08-24 19:36:29,192 INFO    [step1_data_acquisition] STEP 1: acquired mt5 data for XAUUSD+ (50 ticks)
2026-08-24 19:36:29,194 INFO    [main] STEP 1  DATA ACQUISITION -> OK (mt5, data=XAUUSD+ -> trade=XAUUSD+, has_data=True)
2026-08-24 19:36:33,126 INFO    [news] news: 20 fresh headlines fetched.
2026-08-24 19:36:34,659 INFO    [macro] macro: DXY 99.05, 10Y 4.696%, VIX 15.69 (130 aligned points).
2026-08-24 19:36:34,690 INFO    [step2_market_analysis] analyze_market() -> SELL (strength=22.49, confidence=29.29, news=QUIET)
2026-08-24 19:36:34,692 INFO    [main] STEP 2: snapshot saved -> A:\gitHub\Gold-MT5\gold_trading_system_mt5\data\market_snapshot.json
2026-08-24 19:36:34,692 INFO    [main] STEP 2  MARKET ANALYSIS -> OK -> SELL (strength 22.5, confidence 29.3)
2026-08-24 19:36:34,709 WARNING [step3_ai_decision] STEP 3: 'google-generativeai' not installed (pip install google-generativeai) -> HOLD.
2026-08-24 19:36:34,709 INFO    [main] STEP 3  AI DECISION -> HOLD @ 0.0%
2026-08-24 19:36:34,726 INFO    [step4_mt5_execution] STEP 4: SKIPPED — confidence 0.0% < 70% (decision: HOLD).
2026-08-24 19:36:34,726 INFO    [main] STEP 4  EXECUTION -> SKIPPED — confidence 0.0% below threshold 70%
2026-08-24 19:36:34,742 INFO    [step5_monitoring] STEP 5: no open trades.
2026-08-24 19:36:34,742 INFO    [main] STEP 5  MONITORING -> OK
2026-08-24 19:36:34,762 INFO    [main] Trade outcome logged -> A:\gitHub\Gold-MT5\gold_trading_system_mt5\data\trade_outcomes.csv
2026-08-24 19:36:34,762 INFO    [main] Trade outcome logged -> A:\gitHub\Gold-MT5\gold_trading_system_mt5\data\trade_outcomes.csv
2026-08-24 19:36:34,762 INFO    [main] Trade outcome logged -> A:\gitHub\Gold-MT5\gold_trading_system_mt5\data\trade_outcomes.csv
2026-08-24 19:36:34,762 INFO    [main] Trade outcome logged -> A:\gitHub\Gold-MT5\gold_trading_system_mt5\data\trade_outcomes.csv
2026-08-24 19:36:34,762 INFO    [main] Trade outcome logged -> A:\gitHub\Gold-MT5\gold_trading_system_mt5\data\trade_outcomes.csv
2026-08-24 19:36:34,762 INFO    [main] Trade outcome logged -> A:\gitHub\Gold-MT5\gold_trading_system_mt5\data\trade_outcomes.csv
2026-08-24 19:36:34,762 INFO    [main] Trade outcome logged -> A:\gitHub\Gold-MT5\gold_trading_system_mt5\data\trade_outcomes.csv
2026-08-24 19:36:34,762 INFO    [main] Trade outcome logged -> A:\gitHub\Gold-MT5\gold_trading_system_mt5\data\trade_outcomes.csv
2026-08-24 19:36:34,762 INFO    [main] Trade outcome logged -> A:\gitHub\Gold-MT5\gold_trading_system_mt5\data\trade_outcomes.csv
2026-08-24 19:36:34,770 INFO    [mt5_signal_bridge] MT5 signal written -> C:\Users\Jafar\AppData\Roaming\MetaQuotes\Terminal\D0E8209F77C8CF37AD8BF550E51FF075\MQL5\Files\gold_signal.txt (direction=NEUTRAL, conf=0.0)
2026-08-24 19:36:34,770 INFO    [main] MT5 SIGNAL BRIDGE -> OK -> gold_signal.txt
2026-08-24 19:36:34,770 INFO    [main] Decision logged -> A:\gitHub\Gold-MT5\gold_trading_system_mt5\data\decisions_log.csv
2026-08-24 19:38:27,382 INFO    [main] Credentials: {'databento': False, 'rithmic': False, 'gemini': True, 'mt5': False}
2026-08-24 19:38:27,489 INFO    [step5_monitoring] STEP 5: starting monitoring loop (every 60s). Ctrl-C to stop.
2026-08-24 19:38:27,489 INFO    [step5_monitoring] STEP 5: --- loop iteration 1 ---
2026-08-24 19:38:27,507 INFO    [main] ======================================================================
2026-08-24 19:38:27,507 INFO    [main] GOLD TRADING SYSTEM — pipeline start (trade=XAUUSD+, timeframe=M1, source=mt5)
2026-08-24 19:38:29,936 INFO    [data_providers] MT5 provider connected (symbol=XAUUSD+, demo/live via terminal)
2026-08-24 19:38:31,922 INFO    [data_providers] MT5 provider: 50 ticks, 0 book updates for XAUUSD+ (spread 0.002%, H1/M15/M5 bars 60/60/100)
2026-08-24 19:38:31,922 INFO    [step1_data_acquisition] STEP 1: acquired mt5 data for XAUUSD+ (50 ticks)
2026-08-24 19:38:31,922 INFO    [main] STEP 1  DATA ACQUISITION -> OK (mt5, data=XAUUSD+ -> trade=XAUUSD+, has_data=True)
2026-08-24 19:38:33,329 INFO    [step2_market_analysis] analyze_market() -> SELL (strength=15.61, confidence=25.13, news=QUIET)
2026-08-24 19:38:33,341 INFO    [main] STEP 2: snapshot saved -> A:\gitHub\Gold-MT5\gold_trading_system_mt5\data\market_snapshot.json
2026-08-24 19:38:33,341 INFO    [main] STEP 2  MARKET ANALYSIS -> OK -> SELL (strength 15.6, confidence 25.1)
2026-08-24 19:38:33,361 WARNING [step3_ai_decision] STEP 3: 'google-generativeai' not installed (pip install google-generativeai) -> HOLD.
2026-08-24 19:38:33,361 INFO    [main] STEP 3  AI DECISION -> HOLD @ 0.0%
2026-08-24 19:38:33,394 INFO    [step4_mt5_execution] STEP 4: SKIPPED — confidence 0.0% < 70% (decision: HOLD).
2026-08-24 19:38:33,394 INFO    [main] STEP 4  EXECUTION -> SKIPPED — confidence 0.0% below threshold 70%
2026-08-24 19:38:33,408 INFO    [step5_monitoring] STEP 5: no open trades.
2026-08-24 19:38:33,408 INFO    [main] STEP 5  MONITORING -> OK
2026-08-24 19:38:33,411 INFO    [main] Trade outcome logged -> A:\gitHub\Gold-MT5\gold_trading_system_mt5\data\trade_outcomes.csv
2026-08-24 19:38:33,411 INFO    [main] Trade outcome logged -> A:\gitHub\Gold-MT5\gold_trading_system_mt5\data\trade_outcomes.csv
2026-08-24 19:38:33,411 INFO    [main] Trade outcome logged -> A:\gitHub\Gold-MT5\gold_trading_system_mt5\data\trade_outcomes.csv
2026-08-24 19:38:33,411 INFO    [main] Trade outcome logged -> A:\gitHub\Gold-MT5\gold_trading_system_mt5\data\trade_outcomes.csv
2026-08-24 19:38:33,411 INFO    [main] Trade outcome logged -> A:\gitHub\Gold-MT5\gold_trading_system_mt5\data\trade_outcomes.csv
2026-08-24 19:38:33,411 INFO    [main] Trade outcome logged -> A:\gitHub\Gold-MT5\gold_trading_system_mt5\data\trade_outcomes.csv
2026-08-24 19:38:33,411 INFO    [main] Trade outcome logged -> A:\gitHub\Gold-MT5\gold_trading_system_mt5\data\trade_outcomes.csv
2026-08-24 19:38:33,411 INFO    [main] Trade outcome logged -> A:\gitHub\Gold-MT5\gold_trading_system_mt5\data\trade_outcomes.csv
2026-08-24 19:38:33,411 INFO    [main] Trade outcome logged -> A:\gitHub\Gold-MT5\gold_trading_system_mt5\data\trade_outcomes.csv
2026-08-24 19:38:33,428 INFO    [mt5_signal_bridge] MT5 signal written -> C:\Users\Jafar\AppData\Roaming\MetaQuotes\Terminal\D0E8209F77C8CF37AD8BF550E51FF075\MQL5\Files\gold_signal.txt (direction=NEUTRAL, conf=0.0)
2026-08-24 19:38:33,428 INFO    [main] MT5 SIGNAL BRIDGE -> OK -> gold_signal.txt
2026-08-24 19:38:33,428 INFO    [main] Decision logged -> A:\gitHub\Gold-MT5\gold_trading_system_mt5\data\decisions_log.csv
2026-08-24 19:39:33,431 INFO    [step5_monitoring] STEP 5: --- loop iteration 2 ---
2026-08-24 19:39:33,431 INFO    [main] ======================================================================
2026-08-24 19:39:33,431 INFO    [main] GOLD TRADING SYSTEM — pipeline start (trade=XAUUSD+, timeframe=M1, source=mt5)
2026-08-24 19:39:33,459 INFO    [data_providers] MT5 provider connected (symbol=XAUUSD+, demo/live via terminal)
2026-08-24 19:39:34,832 INFO    [data_providers] MT5 provider: 50 ticks, 0 book updates for XAUUSD+ (spread 0.002%, H1/M15/M5 bars 60/60/100)
2026-08-24 19:39:34,832 INFO    [step1_data_acquisition] STEP 1: acquired mt5 data for XAUUSD+ (50 ticks)
2026-08-24 19:39:34,832 INFO    [main] STEP 1  DATA ACQUISITION -> OK (mt5, data=XAUUSD+ -> trade=XAUUSD+, has_data=True)
2026-08-24 19:39:34,864 INFO    [step2_market_analysis] analyze_market() -> SELL (strength=17.15, confidence=25.1, news=QUIET)
2026-08-24 19:39:34,864 INFO    [main] STEP 2: snapshot saved -> A:\gitHub\Gold-MT5\gold_trading_system_mt5\data\market_snapshot.json
2026-08-24 19:39:34,864 INFO    [main] STEP 2  MARKET ANALYSIS -> OK -> SELL (strength 17.1, confidence 25.1)
2026-08-24 19:39:34,897 WARNING [step3_ai_decision] STEP 3: 'google-generativeai' not installed (pip install google-generativeai) -> HOLD.
2026-08-24 19:39:34,897 INFO    [main] STEP 3  AI DECISION -> HOLD @ 0.0%
2026-08-24 19:39:34,929 INFO    [step4_mt5_execution] STEP 4: SKIPPED — confidence 0.0% < 70% (decision: HOLD).
2026-08-24 19:39:34,929 INFO    [main] STEP 4  EXECUTION -> SKIPPED — confidence 0.0% below threshold 70%
2026-08-24 19:39:34,946 INFO    [step5_monitoring] STEP 5: no open trades.
2026-08-24 19:39:34,946 INFO    [main] STEP 5  MONITORING -> OK
2026-08-24 19:39:34,963 INFO    [main] Trade outcome logged -> A:\gitHub\Gold-MT5\gold_trading_system_mt5\data\trade_outcomes.csv
2026-08-24 19:39:34,963 INFO    [main] Trade outcome logged -> A:\gitHub\Gold-MT5\gold_trading_system_mt5\data\trade_outcomes.csv
2026-08-24 19:39:34,963 INFO    [main] Trade outcome logged -> A:\gitHub\Gold-MT5\gold_trading_system_mt5\data\trade_outcomes.csv
2026-08-24 19:39:34,963 INFO    [main] Trade outcome logged -> A:\gitHub\Gold-MT5\gold_trading_system_mt5\data\trade_outcomes.csv
2026-08-24 19:39:34,963 INFO    [main] Trade outcome logged -> A:\gitHub\Gold-MT5\gold_trading_system_mt5\data\trade_outcomes.csv
2026-08-24 19:39:34,963 INFO    [main] Trade outcome logged -> A:\gitHub\Gold-MT5\gold_trading_system_mt5\data\trade_outcomes.csv
2026-08-24 19:39:34,976 INFO    [main] Trade outcome logged -> A:\gitHub\Gold-MT5\gold_trading_system_mt5\data\trade_outcomes.csv
2026-08-24 19:39:34,976 INFO    [main] Trade outcome logged -> A:\gitHub\Gold-MT5\gold_trading_system_mt5\data\trade_outcomes.csv
2026-08-24 19:39:34,976 INFO    [main] Trade outcome logged -> A:\gitHub\Gold-MT5\gold_trading_system_mt5\data\trade_outcomes.csv
2026-08-24 19:39:34,979 INFO    [mt5_signal_bridge] MT5 signal written -> C:\Users\Jafar\AppData\Roaming\MetaQuotes\Terminal\D0E8209F77C8CF37AD8BF550E51FF075\MQL5\Files\gold_signal.txt (direction=NEUTRAL, conf=0.0)
2026-08-24 19:39:34,979 INFO    [main] MT5 SIGNAL BRIDGE -> OK -> gold_signal.txt
2026-08-24 19:39:34,979 INFO    [main] Decision logged -> A:\gitHub\Gold-MT5\gold_trading_system_mt5\data\decisions_log.csv
